Book Id,Title,Author,Additional Authors,ISBN,Average Rating,Publisher,Binding,Number of Pages,Year Published
16793,Stardust,Neil Gaiman,,61142026,4.08,Harper Perennial,Paperback,248,2006
6294,"Howl’s Moving Castle (Howl’s Moving Castle, #1)",Diana Wynne Jones,,006441034X,4.25,Harper Trophy,Mass Market Paperback,329,2001
49392855,The Two Towers,J.R.R. Tolkien,Alan Lee,8376131,4.45,HarperCollins,Hardcover,385,2020
6568440,Notes from Underground,Fyodor Dostoyevsky,,,4.15,,Kindle Edition,,
54419239,Meet Me in Paradise,Libby Hubscher,,593199421,4.04,Berkley Books,Paperback,352,2021
55583233,The Sea in the Sky,Jackson Musker,,,3.93,"Audible Originals, LLC",Audiobook,,2020
20493888,"Guards! Guards! (Discworld, #8)",Terry Pratchett,,1473200180,4.29,Gollancz,Hardcover,344,2014
34643771,"Going Postal (Discworld, #33)",Terry Pratchett,,857525085,4.36,Doubleday,Hardcover,496,2017
3577453,Golem XIV,Stanisław Lem,Jozef Marušiak,8088965713,4.02,Drewo a srd ,,165,2003
28372019,"The Bookshop on the Corner (Scottish Bookshop, #1)",Jenny Colgan,,62467263,3.84,William Morrow Paperbacks,ebook,384,2016
25480342,A Monster Calls,Patrick Ness,,1406361801,4.32,Walker Books,Paperback,237,2015
894459,The Dispossessed,Ursula K. Le Guin,,575079037,4.2,Gollancz,Paperback,336,2006
1391753,Flowers for Algernon,Daniel Keyes,,575079207,4.15,Gollancz,Paperback,224,2006
56078386,"Heaven's River (Bobiverse, #4)",Dennis E. Taylor,,,4.33,Ethan Ellenberg Literary Agency,Kindle Edition,608,2021
22240844,Escape From Warsaw (Original Title: The Silver Sword),Ian Serraillier,,590401459,4.02,"Scholastic, Inc.",Paperback,218,
1553778,The Emperor and the Nightingale,Alison Ainsworth,"Hans Christian Andersen, Chris Russell",721410545,4.02,Ladybird Books,Hardcover,51,
48117,The Boy Who Made Dragonfly: A Zuni Myth,Tony Hillerman,Janet Grado,826309100,4.17,University of New Mexico Press,Paperback,81,1993
36073085,"Hyperion (Hyperion Cantos, #1)",Dan Simmons,,,4.23,Spectra,Kindle Edition,483,2011
1006559,Pushing Ice,Alastair Reynolds,,575078154,4.05,Gollancz,Paperback,514,2006
912471,Lord of Light,Roger Zelazny,,575079010,4.07,Gollancz,Paperback,320,2006
838532,The Sirens of Titan,Kurt Vonnegut Jr.,,575079029,4.13,Gollancz,Paperback,249,2006
963275,Gateway (Heechee Saga #1),Frederik Pohl,,575078995,4.07,Not Avail,Unknown Binding,294,2006
55957410,Feedback,Dennis E. Taylor,Ray Porter,,3.81,Audible Originals,Audible Audio,1,2020
49946710,The Confederacy of Dunces,John Kennedy Toole,,,3.88,,,,
55291869,"Murder by Other Means (The Dispatcher, #2)",John Scalzi,Zachary Quinto,,4.04,Audible Originals,Audiobook,4,2020
23128334,The Electric Ant,Philip K. Dick,,,3.82,,,,1969
1118429,"The Collected Stories of Philip K. Dick, Volume 5: We Can Remember It For You Wholesale",Philip K. Dick,Thomas M. Disch,586207694,4.19,HarperCollins,Paperback,495,1994
36536882,"The Great Game (Sherlock, #3)",Jay.,Mark Gatiss,1785859161,4.37,Titan Comics,Paperback,224,2018
26082188,The Dispatcher,John Scalzi,Zachary Quinto,,3.99,Audible Studios,Audible Audio,3,2016
13055592,Redshirts,John Scalzi,,765316994,3.85,Tor Books,Hardcover,320,2012
52759414,America's National Parks (Mini Book),Ian Shive,,1683839323,4,Earth Aware Editions,Hardcover,256,2020
54286134,A Change of Plans,Dennis E. Taylor,Neil Hellegers,B088X5X8XJ,3.93,Audible Studios,Audible Audio,,2020
25541028,"Elon Musk: Tesla, SpaceX, and the Quest for a Fantastic Future",Ashlee Vance,,62301233,4.21,Ecco,Hardcover,392,2015
25614523,Originals: How Non-Conformists Move the World,Adam M. Grant,,525429565,3.95,Viking,Hardcover,326,2016
18050143,"Zero to One: Notes on Startups, or How to Build the Future",Peter Thiel,Blake  Masters,804139296,4.17,Crown Business,Hardcover,195,2014
15805300,Bible Answers for Every Need,Clarence Blasier,,1616269618,4,Value Books,Paperback,304,2012
39353738,"Skyward (Skyward, #1)",Brandon Sanderson,,,4.5,Delacorte Press,Kindle Edition,546,2018
26869522,The Adventures of Tintin Complete Set,Hergé,,1405278455,4.61,Egmont UK,Hardcover,1584,2015
19484529,The Giver Quartet Omnibus,Lois Lowry,,544340973,4.36,HMH Books for Young Readers,Hardcover,772,2014
394,Lincoln at Gettysburg: The Words That Remade America,Garry Wills,,671867423,4.15,Simon & Schuster,Paperback,317,1993
976251,Heart Gifts,Helen Steiner Rice,,800715209,4.42,Fleming H. Revell Company,Hardcover,96,1987
1297985,Musicophilia: Tales of Music and the Brain,Oliver Sacks,,676979785,3.93,Knopf Canada,Hardcover,400,2007
18951144,Selected Poems,E.E. Cummings,,,4.23,,Paperback,,1960
76981,"The Tower Treasure (The Hardy Boys, #1)",Franklin W. Dixon,Walter S. Rogers,448089017,3.92,Grosset & Dunlap,Hardcover,180,1998
457762,Sylvester and the Magic Pebble,William Steig,,067166154X,4.13,Simon & Schuster Children's Publishing,Hardcover,32,1988
38643979,Alice's Adventures in Wonderland & Through the Looking Glass,Lewis Carroll,,1788882954,4.06,Arcturus Publishing,Paperback,272,2018
19317412,A Pocket Book Of Robert Frosts Poems,Robert Frost,,,3.96,Washington Square Press,Paperback,279,1967
1377154,Pocket Book Of Quotations,Henry Davidoff,,671726455,3.69,Pocket Books,Paperback,,1990
37768423,The Ultimate Hitchhiker's Guide to the Galaxy (Hitchhiker's Guide to the Galaxy #1-5),Douglas Adams,,,4.35,Del Rey,Kindle Edition,833,2017
6174,Survival in Auschwitz,Primo Levi,"Stuart J. Woolf, Philip Roth",684826801,4.27,Simon  Schuster,Paperback,187,1995
17346832,How Dogs Love Us: A Neuroscientist and His Adopted Dog Decode the Canine Brain,Gregory Berns,,544114515,3.97,New Harvest,Hardcover,272,2013
19730109,The Time Machine,H.G. Wells,,,3.9,Dover Publications,Kindle Edition,128,2012
26042767,"The Long Way to a Small, Angry Planet (Wayfarers, #1)",Becky Chambers,,,4.15,Harper Voyager,Kindle Edition,423,2015
52368061,The Foundation Trilogy (Foundation (Publication Order) #1-3),Isaac Asimov,,,4.41,,Kindle Edition,703,2019
34878094,"For We Are Many (Bobiverse, #2)",Dennis E. Taylor,,1680680595,4.36,Ethan Ellenberg Literary Agency,Paperback,320,2017
35942178,"All These Worlds (Bobiverse, #3)",Dennis E. Taylor,,1680680609,4.4,Ethan Ellenberg Literary Agency,Paperback,280,2017
25306935,The Star of Kazan,Eva Ibbotson,,1447265726,4.01,Pan MacMillan,Paperback,400,2014
8385952,"Ender's Shadow (Shadow, #1)",Orson Scott Card,,,4.29,,Kindle Edition,484,
53302366,"Ascendance Trilogy: The False Prince, The Runaway King, The Shadow Throne",Jennifer A. Nielsen,,,4.65,Scholastic Press,Kindle Edition,352,2020
28595941,Arcanum Unbounded: The Cosmere Collection,Brandon Sanderson,,765391163,4.5,Tor Books,Hardcover,672,2016
15703770,"The Runaway King (Ascendance, #2)",Jennifer A. Nielsen,,545284155,4.24,Scholastic Press,Hardcover,331,2013
12432220,"The False Prince (Ascendance, #1)",Jennifer A. Nielsen,,545284139,4.17,"Scholastic, Inc.",Hardcover,342,2012
29520965,"The Blue Sword (Damar, #1)",Robin McKinley,,,4.17,HarperCollins Publishers,Kindle Edition,292,2016
40385088,"The Inner Level: How More Equal Societies Reduce Stress, Restore Sanity and Improve Everyone's Well-Being",Richard G. Wilkinson,Kate E. Pickett,,4.16,Penguin Press,Kindle Edition,352,2019
34523152,"The Water Will Come: Rising Seas, Sinking Cities, and the Remaking of the Civilized World",Jeff Goodell,,031626024X,4.18,"Little, Brown and Company",Hardcover,352,2017
28698036,"Secret History (Mistborn, #3.5)",Brandon Sanderson,,,4.37,"Dragonsteel Entertainment, LLC",Kindle Edition,160,2016
77711,"A Fire Upon the Deep (Zones of Thought, #1)",Vernor Vinge,,812515285,4.13,Tor Science Fiction,Mass Market Paperback,613,2010
7235533,"The Way of Kings (The Stormlight Archive, #1)",Brandon Sanderson,,765326353,4.61,Tor Books,Hardcover,1007,2010
41580260,The Fifth Science,Exurb1a,,,4.49,,Kindle Edition,250,2018
39947376,The Myth of Sisyphus,Albert Camus,Justin O'Brien,525564454,4.16,Vintage,Paperback,160,2018
24113,"Gödel, Escher, Bach: an Eternal Golden Braid",Douglas R. Hofstadter,,465026567,4.27,Basic Books,Paperback,777,1999
8016155,Lord of the Flies,William Golding,Edmund L. Epstein,,3.69,Perigee / Penguin Group (USA),Paperback,208,2006
34705671,"The Blind Banker (Sherlock, #2)",Jay.,"Steve   Thompson, Steven Moffat, Mark Gatiss",1785856162,4.24,Titan Comics,Paperback,208,2017
30371085,A Study In Pink (Sherlock #1),Jay.,"Steven Moffat, Mark Gatiss",,4.34,Titan Comics ,Kindle Edition,224,2017
25499718,"Children of Time (Children of Time, #1)",Adrian Tchaikovsky,,1447273281,4.26,PanMacmillan,Hardcover,600,2015
56019043,Beyond Order: 12 More Rules For Life,Jordan B. Peterson,Juliette Fogra,593084640,4.25,Portfolio,Hardcover,432,2021
1071726,The Peregrine,J.A. Baker,,1590171330,4.18,NYRB Classics,Paperback,191,2004
6794,Cloud Atlas,David Mitchell,,340822783,4,Sceptre,Paperback,529,2005
49634542,The Enigma Game,Elizabeth Wein,,1368012582,3.98,"LIttle, Brown Books for Young Readers",Hardcover,448,2020
4926443,Childhood's End,Arthur C. Clarke,,345284658,4.1,Del Rey,Paperback,218,1980
13259262,The Martian Chronicles,Ray Bradbury,,1451678193,4.15,Simon  Schuster,Mass Market Paperback,241,2012
509784,The End of Eternity,Isaac Asimov,,449016196,4.23,Fawcett Crest,Mass Market Paperback,192,1971
8855321,"Leviathan Wakes (The Expanse, #1)",James S.A. Corey,,1841499889,4.25,Orbit,Paperback,561,2011
53244263,Earth Abides,George R. Stewart,,,3.95,Houghton Mifflin Harcourt,Kindle Edition,370,1976
13578175,The Emperor's Soul,Brandon Sanderson,,1616960922,4.32,Tachyon Publications,Paperback,175,2012
8935689,"Consider Phlebas (Culture, #1)",Iain M. Banks,,1857231384,3.86,Orbit,Paperback,471,1988
8565270,Inception: The Shooting Script,Christopher J. Nolan,,1608870154,4.31,Insight Editions,Paperback,239,2010
60211,"The Shadow of the Torturer (The Book of the New Sun, #1)",Gene Wolfe,,671540661,3.8,Pocket Books,Paperback,262,1984
53205854,"Fugitive Telemetry (The Murderbot Diaries, #6)",Martha Wells,,1250765374,4.41,Tor.com,Hardcover,176,2021
22200,"Count Zero (Sprawl, #2)",William Gibson,,441013678,4.01,Ace Books,Paperback,308,2006
52381770,"Network Effect (The Murderbot Diaries, #5)",Martha Wells,,1250229863,4.44,Tor.com,Hardcover,350,2020
30753512,Generation Decks: The Unofficial History of Gaming Phenomenon Magic The Gathering,Titus Chalk,,1781084904,3.92,Solaris,Paperback,276,2017
1258746,The Stars My Destination,Alfred Bester,Neil Gaiman,575079096,4.09,Gollancz,Paperback,254,2006
154091,"Mona Lisa Overdrive (Sprawl, #3)",William Gibson,,553281747,3.99,Bantam Spectra,Mass Market Paperback,308,1989
23359837,500 Words You Should Know,Caroline Taggart,,1782432949,3.88,Michael O'Mara,Hardcover,192,2014
53445930,Absolution Gap,Alastair Reynolds,,316462659,4.01,Orbit,ebook,592,2020
53445907,Redemption Ark,Alastair Reynolds,,316462489,4.13,Orbit,ebook,592,2020
1553791,The Pilgrims Progress,John Bunyan,,883680963,4,Whitaker Distribution,Paperback,,1981
15810872,Les Misérables,Victor Hugo,Norman Denny,1846140498,4.18,Penguin Classics,Hardcover,1232,2012
19721373,Harry Potter and the Methods of Rationality,Eliezer Yudkowsky,Less Wrong,,4.4,,ebook,2184,
39110619,The Richest Man in Babylon: The most inspiring book on wealth ever written,George S. Clason,General Press,,4.26,GENERAL PRESS,Kindle Edition,133,2018
34168383,1984,George Orwell,,1328869334,4.19,Houghton Mifflin Harcourt,Hardcover,304,2017
18144590,The Alchemist,Paulo Coelho,"Alan R. Clarke, James Noel Smith",62315005,3.89,HarperOne,Paperback,182,2014
35504431,Turtles All the Way Down,John Green,,525555366,3.94,Dutton Books for Young Readers,Hardcover,286,2017
13529074,So Good They Can't Ignore You: Why Skills Trump Passion in the Quest for Work You Love,Cal Newport,,1455509124,4.09,Grand Central Publishing,Hardcover,304,2012
8120173,The Book Thief,Markus Zusak,,,4.38,Knopf Books for Young Readers,Kindle Edition,576,2007
16250900,"Code Name Verity (Code Name Verity, #1)",Elizabeth Wein,,1423152883,4.01,"Little, Brown Books for Young Readers",Paperback,332,2013
30972868,Becoming a Writer,Dorothea Brande,,,3.99,Jeremy P. Tarcher,Paperback,,1981
9737,"Ender's Game (Ender's Saga, #1)",Orson Scott Card,,765317389,4.3,Tor Books,Hardcover,226,2006
49392854,The Fellowship of the Ring,J.R.R. Tolkien,Alan Lee,8376123,4.37,HarperCollins,Hardcover,407,2020
24337,Ella Enchanted (Ella Enchanted #1),Gail Carson Levine,,590920685,3.98,Scholastic Books,Paperback,232,1998
1054397,"Field Notes from a Catastrophe: Man, Nature, and Climate Change",Elizabeth Kolbert,,1596911255,4.02,Bloomsbury USA,Hardcover,192,2006
31178738,The Pearl Thief,Elizabeth Wein,,1484717163,3.75,Disney-Hyperion,Hardcover,326,2017
32051912,The Alice Network,Kate Quinn,,62654195,4.27,William Morrow Paperbacks,Paperback,503,2017
20708810,Egg & Spoon,Gregory Maguire,,763672203,3.63,Candlewick Press,Hardcover,475,2014
8323492,My Reading Life,Pat Conroy,,,3.93,,Kindle Edition,337,
25733983,Lab Girl,Hope Jahren,,1101874937,3.97,Knopf,Hardcover,290,2016
100247,Vagabonding: An Uncommon Guide to the Art of Long-Term World Travel,Rolf Potts,,812992180,3.95,Villard Books,Paperback,205,2002
222458,Rules,Cynthia Lord,,439443822,3.98,Scholastic Press,Hardcover,208,2006
1618,The Curious Incident of the Dog in the Night-Time,Mark Haddon,,1400032717,3.89,Vintage,Paperback,226,2004
386162,"The Hitchhiker's Guide to the Galaxy (Hitchhiker's Guide to the Galaxy, #1)",Douglas Adams,,,4.22,Del Rey,Paperback,193,2007
1633,Getting Things Done: The Art of Stress-Free Productivity,David    Allen,,142000280,3.98,Penguin Group,Paperback,267,2002
35820384,Dictionary Stories: Short Fictions and Other Findings,Jez Burrows,,62652613,3.69,Harper Perennial,Paperback,256,2018
30257963,12 Rules for Life: An Antidote to Chaos,Jordan B. Peterson,"Norman Doidge, Ethan Van Sciver",345816021,3.93,Random House Canada,Hardcover,409,2018
18406849,Things That Are: Essays,Amy Leach,,1571313516,4.12,Milkweed Editions,Paperback,208,2014
12079138,A Room of One's Own,Virginia Woolf,,,4.17,"Harcourt, Brace & World",Paperback,118,1957
1223568,Faust in Copenhagen: A Struggle for the Soul of Physics,Gino Segrè,,067003858X,3.97,Viking Adult,Hardcover,384,2007
8049273,"The Elegant Universe: Superstrings, Hidden Dimensions, and the Quest for the Ultimate Theory",Brian Greene,,039333810X,4.07,W. W. Norton & Company,Paperback,464,2010
13514612,All Our Yesterdays,Cristin Terrill,,1423176375,4.02,Disney Hyperion,Hardcover,362,2013
8695,"The Restaurant at the End of the Universe (Hitchhiker's Guide to the Galaxy, #2)",Douglas Adams,,,4.2,Del Rey,Paperback,250,2005
31572054,"The Imposter's Handbook (Imposter's Handbook, #1)",Rob Conery,,,3.84,Big Machine,ebook,463,2016
83346,"Through the Looking-Glass and What Alice Found There (Alice's Adventures in Wonderland, #2)",Lewis Carroll,"John Tenniel, Peter Glassman",688120490,4.05,Books of Wonder,Hardcover,228,1993
13079982,Fahrenheit 451,Ray Bradbury,,,3.99,Simon & Schuster,Kindle Edition,194,2011
6324090,"Alice's Adventures in Wonderland (Alice's Adventures in Wonderland, #1)",Lewis Carroll,,,3.98,Public Domain Books,Kindle Edition,96,1997
6411668,"The Little Book of Mathematical Principles, Theories, & Things",Robert Solomon,,1435104897,3.88,Metro books,Hardcover,224,2008
77727,Calvin and Hobbes (Calvin and Hobbes #1),Bill Watterson,G.B. Trudeau,836220889,4.6,Andrews McMeel Publishing,Paperback,128,1987
34466963,Why We Sleep: Unlocking the Power of Sleep and Dreams,Matthew Walker,,,4.36,Scribner,Hardcover,368,2017
42086897,How To: Absurd Scientific Advice for Common Real-World Problems,Randall Munroe,,1473680336,4.14,John Murray,Paperback,308,2019
669444,The White Fox Chronicles,Gary Paulsen,,044041248X,4.14,Laurel Leaf,Paperback,288,2002
26883549,Peter Pan,J.M. Barrie,,1909621633,4.02,Macmillan Collector's Library,Hardcover,200,2016
23604559,My Grandmother Asked Me to Tell You She's Sorry,Fredrik Backman,Henning Koch,1501115065,4.05,Atria Books,Hardcover,372,2015
40121378,Atomic Habits: An Easy & Proven Way to Build Good Habits & Break Bad Ones,James Clear,,,4.36,Avery,Kindle Edition,319,2018
27213329,Grit: The Power of Passion and Perseverance,Angela Duckworth,จารุจรรย์ คงมีสุข,1443442313,4.07,Collins,Hardcover,277,2016
24400,The Trouble With Poetry - And Other Poems,Billy Collins,,375755217,4.17,Random House Trade,Paperback,88,2007
49392853,The Hobbit,J.R.R. Tolkien,Alan Lee,8376115,4.28,HarperCollins,Hardcover,307,2020
44767458,"Dune (Dune, #1)",Frank Herbert,,059309932X,4.23,Ace Books,Hardcover,688,2019
59151,Chess Story,Stefan Zweig,"Peter Gay, Joel Rotenberg",1590171691,4.29,NYRB Classics,Paperback,104,2005
170606,"The Silver Chair (Chronicles of Narnia, #6)",C.S. Lewis,"Pauline Baynes, David Wiesner",60234954,3.95,HarperCollins,Hardcover,256,2007
980900,"The Last Battle (Chronicles of Narnia, #7)",C.S. Lewis,Pauline Baynes,61125296,4.01,HarperCollins Publishers,Hardcover,224,2006
170604,"The Magician's Nephew (Chronicles of Narnia, #1)",C.S. Lewis,Pauline Baynes,60234970,4.04,HarperCollins,Hardcover,202,2007
170605,"The Horse and His Boy (Chronicles of Narnia, #3)",C.S. Lewis,"Pauline Baynes, Chris Van Allsburg",60234881,3.91,HarperCollins,Hardcover,224,2007
136251,"Harry Potter and the Deathly Hallows (Harry Potter, #7)",J.K. Rowling,,,4.62,Arthur A. Levine Books,Hardcover,759,2007
140225,"The Voyage of the Dawn Treader (Chronicles of Narnia, #3)",C.S. Lewis,Pauline Baynes,006112527X,4.08,HarperCollins,Hardcover,248,2006
140212,"The Lion, the Witch and the Wardrobe",C.S. Lewis,Pauline Baynes,61125237,4.22,HarperCollins Publishers,Hardcover,189,2006
28868,"Prince Caspian (Chronicles of Narnia, #4)",C.S. Lewis,,61125253,3.97,HarperCollins Publishers,Hardcover,223,2006
15881,"Harry Potter and the Chamber of Secrets (Harry Potter, #2)",J.K. Rowling,Mary GrandPré,439064864,4.43,Arthur A. Levine Books,Hardcover,341,1999
5,"Harry Potter and the Prisoner of Azkaban (Harry Potter, #3)",J.K. Rowling,Mary GrandPré,043965548X,4.57,Scholastic Inc.,Mass Market Paperback,435,2004
6,"Harry Potter and the Goblet of Fire (Harry Potter, #4)",J.K. Rowling,Mary GrandPré,,4.56,Scholastic,Paperback,734,2002
2,"Harry Potter and the Order of the Phoenix (Harry Potter, #5)",J.K. Rowling,Mary GrandPré,,4.5,Scholastic Inc.,Paperback,870,2004
1,"Harry Potter and the Half-Blood Prince (Harry Potter, #6)",J.K. Rowling,,,4.57,Scholastic Inc.,Paperback,652,2006
3,"Harry Potter and the Sorcerer's Stone (Harry Potter, #1)",J.K. Rowling,,,4.48,Scholastic Inc,Hardcover,309,2003
40090596,Art Matters,Neil Gaiman,Chris Riddell,,4.28,Headline,Kindle Edition,112,2018
22962342,Fret Busters: God's Peace for Your Problems Today,Roy Lessin,,736959076,5,Harvest House Publishers,Hardcover,128,2015
29889257,Neuromancer,William Gibson,Neil Gaiman,143111604,3.9,Penguin Group,Hardcover,277,2016
34347493,"The Name of the Wind (The Kingkiller Chronicle, #1)",Patrick Rothfuss,Daniel Dos Santos,756413710,4.52,DAW,Hardcover,752,2017
36622739,The Courage to Be Disliked: The Japanese Phenomenon That Shows You How to Change Your Life and Achieve Real Happiness,Ichiro Kishimi,Fumitake Koga,1501197274,4.07,Atria Books,Hardcover,288,2018
54191640,"The Well of Ascension (Mistborn, #2)",Brandon Sanderson,,,4.35,Tor Books,Kindle Edition,815,2010
32758901,"All Systems Red (The Murderbot Diaries, #1)",Martha Wells,,,4.15,Tor.com,ebook,144,2017
40611510,The Last Lecture,Randy Pausch,,,4.24,Hachette Books,Kindle Edition,217,2008
42741967,The Deal of a Lifetime,Fredrik Backman,,,3.77,Atria Books,Kindle Edition,96,2018
35014337,"We Are Legion (We Are Bob) (Bobiverse, #1)",Dennis E. Taylor,,1680680587,4.28,Ethan Ellenberg Literary Agency,Paperback,308,2017
53321665,"Mistborn: The Final Empire (Mistborn, #1)",Brandon Sanderson,,,4.44,Tor Books,Kindle Edition,676,2010
37880811,Make Time: How to Focus on What Matters Every Day,Jake Knapp,John Zeratsky,525572422,4.08,Currency,Hardcover,287,2018
43708884,"The Boy, the Mole, the Fox and the Horse",Charlie Mackesy,,1529105102,4.6,Ebury Press,Hardcover,128,2019
146160,"Tintin and the Picaros (Tintin, #23)",Hergé,"Leslie Lonsdale-Cooper, Michael      Turner",416851703,4.02,Methuen Publishing,Paperback,64,1993
146106,"The Castafiore Emerald (Tintin, #21)",Hergé,"Leslie Lonsdale-Cooper, Michael      Turner",316358428,3.94,"Little, Brown and Co.",Paperback,62,1975
179172,"Destination Moon (Tintin, #16)",Hergé,"Leslie Lonsdale-Cooper, Michael      Turner",316358452,4.2,"Little, Brown and Co.",Paperback,62,1976
192043,"Flight 714 to Sydney (Tintin, #22)",Hergé,"Leslie Lonsdale-Cooper, Michael      Turner",1405206330,3.98,Egmont,Paperback,62,2011
6443100,"The Calculus Affair (Tintin, #18)",Hergé,"Leslie Lonsdale-Cooper, Michael      Turner",316358479,4.14,"Little, Brown and Co.",Paperback,62,1976
165526,"The Red Sea Sharks (Tintin, #19)",Hergé,,1405206306,3.99,Farshore,Paperback,64,2012
146109,"Red Rackham's Treasure (Tintin, #12)",Hergé,"Leslie Lonsdale-Cooper, Michael      Turner",1405206233,4.27,Egmont,Paperback,64,2012
146104,"The Seven Crystal Balls (Tintin, #13)",Hergé,,828850712,4.2,French & European Pubns,Paperback,63,1979
96428,"Prisoners of the Sun (Tintin, #14)",Hergé,,140520625X,4.23,Egmont,Paperback,62,2002
146128,"Land of Black Gold (Tintin, #15)",Hergé,,1405206268,4.02,Farshore,Paperback,64,2012
179174,"The Secret of the Unicorn (Tintin, #11)",Hergé,,316358320,4.29,"Little, Brown Books for Young Readers",Paperback,62,1974
191960,"The Black Island (Tintin, #7)",Hergé,,1405206187,4.01,Farshore,Paperback,62,2012
146108,"King Ottokar's Sceptre (Tintin, #8)",Hergé,"Michael      Turner, Leslie Lonsdale-Cooper",416605109,4.02,Mammoth,Hardcover,62,1997
165555,"The Crab with the Golden Claws (Tintin, #9)",Hergé,,1405206209,4.08,Egmont UK Ltd,Paperback,64,2002
146107,The Shooting Star (Tintin #10),Hergé,,1405206217,3.91,Egmont UK Limited,Paperback,62,2002
146122,Cigars of the Pharaoh (Tintin #4),Hergé,,,4.06,,ebook,63,
54615879,The Original,Brandon Sanderson,"Mary Robinette Kowal, Julia Whelan",,3.84,Recorded Books,Audiobook,4,2020
790192,"Tintin in America (Tintin, #3 )",Hergé,,316358525,3.75,"Little, Brown and Co.",Paperback,62,1979
805047,The Man In The High Castle,Philip K. Dick,,140285628,3.61,Penguin Books,Paperback,256,1999
17470669,"I, Robot",Isaac Asimov,,7491514,4.2,Voyager,Hardcover,245,2013
44002889,The Hero of Ages: Book Three of Mistborn,Brandon Sanderson,,1250318629,4.48,Tor Books,Paperback,784,2019
50862038,The Call Me Ishmael Phone Book: An Interactive Guide to Life-Changing Books,Logan Smalley,Stephanie  Kent,1982140585,4.17,Avid Reader Press / Simon  Schuster,Paperback,256,2020
21413760,"The Upward Spiral: Using Neuroscience to Reverse the Course of Depression, One Small Change at a Time",Alex Korb,,1626251207,4.26,New Harbinger Publications,Paperback,240,2015
49392857,The Return of the King,J.R.R. Tolkien,Alan Lee,000837614X,4.53,HarperCollins,Hardcover,484,2020
112204,The Complete Poems of Emily Dickinson,Emily Dickinson,Thomas H. Johnson,,4.23,"Little, Brown and Company",Paperback,716,1976
57281746,"Neverwhere (London Below, #1)",Neil Gaiman,,,4.16,William Morrow,Kindle Edition,400,2009
22007410,The Lathe of Heaven,Ursula K. Le Guin,,,4.11,Diversion Books,Kindle Edition,194,2014
895473,Ubik,Philip K. Dick,Michael Marshall Smith,575079215,4.07,Gollancz,Paperback,208,2006
23677981,Mark Manson on Happiness,Mark Manson,,,4.11,,ebook,,
25546167,"Descender, Vol. 1: Tin Stars",Jeff Lemire,"Dustin Nguyen, Steve Wands",1632154269,4.09,Image Comics,Paperback,160,2015
12077902,Solaris: The Definitive Edition,Stanisław Lem,"Bill Johnston, Alessandro Juliani",,3.99,Audible Frontiers,Audible Audio,8,2011
286957,The Yellow Wall-Paper,Charlotte Perkins Gilman,Elaine Hedges,1558611584,4.1,The Feminist Press at CUNY,Paperback,64,1996
35519101,"Rogue Protocol (The Murderbot Diaries, #3)",Martha Wells,,1250191785,4.26,Tor.com,Hardcover,158,2018
50395705,"Dune: the Graphic Novel, Book 1",Brian Herbert,"Kevin J. Anderson, Frank Herbert, Raul Allen, Patricia Martín, Bill Sienkiewicz",1419731505,4.05,Abrams ComicArts,Hardcover,176,2020
35519109,"Exit Strategy (The Murderbot Diaries, #4)",Martha Wells,,,4.38,Tor.com,Kindle Edition,176,2018
36223860,"Artificial Condition (The Murderbot Diaries, #2)",Martha Wells,,1250186927,4.27,Tor.com,Hardcover,158,2018
57281804,The Ocean at the End of the Lane,Neil Gaiman,,,4,William Morrow,Kindle Edition,259,2013
4981,Slaughterhouse-Five,Kurt Vonnegut Jr.,,385333846,4.08,Dial Press,Paperback,275,1999
34403549,Do Androids Dream of Electric Sheep? (Blade Runner #1),Philip K. Dick,,,4.08,Del Rey,Paperback,224,2017
49088665,House of Suns,Alastair Reynolds,,316462624,4.2,Orbit,Paperback,512,2020
8694,"Life, the Universe and Everything (Hitchhiker's Guide to the Galaxy, #3)",Douglas Adams,,345418905,4.19,Del Rey,Paperback,224,2005
17184,The Invisible Man,H.G. Wells,,451528522,3.64,Signet Classics,Paperback,192,2002
6115136,Rice Boy,Evan Dahm,,,4.38,,Paperback,460,2008
45047384,The House in the Cerulean Sea,T.J. Klune,,,4.53,Tor Books,Kindle Edition,394,2020
52532330,You Will Be Found,Benj Pasek,Justin Paul,316537667,4.58,"Little, Brown Books for Young Readers",Hardcover,64,2020
18386,The Death of Ivan Ilych,Leo Tolstoy,"Aylmer Maude, رضی هیرمند",1600964338,4.09,Waking Lion Press,Paperback,86,2006
57435212,Shiver,Allie Reynolds,,1101949627,3.86,G.P. Putnam's Sons,Paperback,390,2021
53288434,The Lost Apothecary,Sarah Penner,,778311015,3.86,Park Row,Hardcover,301,2021
52046853,"Consolations: The Solace, Nourishment and Underlying Meaning of Everyday Words",David Whyte,Maria Popova,1786897636,4.47,Canongate Books,Hardcover,192,2019
35681250,"Descender, Vol. 5: Rise of the Robots",Jeff Lemire,Dustin Nguyen,1534303456,4.25,Image Comics,Paperback,120,2018
56663640,"Breach of Peace (The Lawful Times, #0.1)",Daniel B. Greene,,,3.69,,ebook,98,2021
37491889,"Descender, Vol. 6: The Machine War",Jeff Lemire,Dustin Nguyen,1534306900,4.3,Image Comics,Paperback,152,2018
31206567,"Descender, Vol. 3: Singularities",Jeff Lemire,Dustin Nguyen,1632158787,4.19,Image Comics,Paperback,128,2016
48611589,"Pomskies: A Complete Guide for the New Owner: Training, Feeding, and Loving your New Pomsky Dog (Second Edition)",David     Anderson,Erin Hotovy,,4,LP Media Inc,Kindle Edition,181,2019
33585545,"Descender, Vol. 4: Orbital Mechanics",Jeff Lemire,"Dustin Nguyen, Steve Wands",1534301933,4.21,Image Comics,Paperback,120,2017
28204537,"Descender, Vol. 2: Machine Moon",Jeff Lemire,"Dustin Nguyen, Steve Wands",1632156768,4.17,Image Comics,Paperback,116,2016
54493401,Project Hail Mary,Andy Weir,,593135202,4.6,Ballantine Books,Hardcover,476,2021
1584069,Lassie: Best Friends Are Forever,Sheila Black,,140368027,4.1,Puffin Books,Paperback,145,1994
22578294,Glitch,Hugh Howey,,,3.89,Broad Reach Publishing,Kindle Edition,15,2014
57445593,The Neil Gaiman at the End of the Universe,Arvind Ethan David,"Neil Gaiman, Jewel Staite",,3.93,,Audible Audio,1,2021
36449535,Columbus Day (Expeditionary Force #1),Craig Alanson,,1520126247,4.26,Independently published,Paperback,271,2017
6185,Wuthering Heights,Emily Brontë,"Richard J. Dunn, Charlotte Brontë, Robert Heindel",,3.87,Norton,Paperback,464,2002
15823480,Anna Karenina,Leo Tolstoy,"Constance Garnett, Aylmer Maude, Louise Maude, Dmitriy Butko, George Gibian",,4.06,Vintage,Paperback,964,2012
6439131,The Outsiders,S.E. Hinton,,,4.1,Laurel-Leaf Books/Dell Publishing,Paperback,156,1968
395003,The Unbearable Lightness of Being,Milan Kundera,Michael Henry Heim,571135390,4.1,Faber & Faber,Paperback,305,2000
25622746,Collected Poems: 1950–2012,Adrienne Rich,Claudia Rankine,393285111,4.56,W. W. Norton  Company,Hardcover,1164,2016
17412470,A Comprehensive Anthology of American Poetry,Conrad Aiken,,,3.17,Modern Library,Hardcover,490,1944
131954,"Sarah, Plain and Tall (Sarah, Plain and Tall, #1)",Patricia MacLachlan,,590974092,3.78,Scholastic,Paperback,64,1996
822413,"Skylark (Sarah, Plain and Tall, #2)",Patricia MacLachlan,,60233281,3.94,HarperCollins,Hardcover,96,1994
121429,Caleb = Caleb's Story,Patricia MacLachlan,,8427932529,3.93,Lectorum Publications,Paperback,112,2003
8309278,"The Giver (The Giver, #1)",Lois Lowry,,,4.13,HMH Books for Young Readers,Kindle Edition,204,1993
15816557,"Gathering Blue (The Giver Quartet, #2)",Lois Lowry,,547904142,3.81,HMH Books for Young Readers,Paperback,256,2013
13592926,"Messenger (The Giver Quartet, #3)",Lois Lowry,,547995679,3.9,HMH Books for Young Readers,Hardcover,187,2012
11849,The Witch of Blackbird Pond,Elizabeth George Speare,,307257800,3.98,Dell Publishing,Mass Market Paperback,223,1980
1045397,Uncle Tungsten: Memories of a Chemical Boyhood,Oliver Sacks,,676975372,3.98,Vintage Canada,Paperback,352,2002
859118,"Anne of Avonlea (Anne of Green Gables, #2)",L.M. Montgomery,,770422063,4.19,Seal,Mass Market Paperback,276,1996
763588,"Anne of Green Gables (Anne of Green Gables, #1)",L.M. Montgomery,,055321313X,4.26,Bantam Books,Paperback,308,1982
17899904,"Allegiant (Divergent, #3)",Veronica Roth,,62287338,3.62,Katherine Tegen Books,Paperback,526,2013
1140911,"My Side of the Mountain (Mountain, #1)",Jean Craighead George,,525463461,4.06,Dutton Books for Young Readers,Hardcover,177,1999
30122,"The Missing Piece (The Missing Piece, #1)",Shel Silverstein,,60256710,4.24,HarperCollins,Hardcover,112,2006
370493,The Giving Tree,Shel Silverstein,,60256656,4.37,HarperCollins Publishers,Hardcover,64,1964
1432,Hamlet,William Shakespeare,"Barbara A. Mowat, Paul Werstine",,4.03,Washington Square Press,Paperback,342,2003
3974636,Encyclopedia Brown Saves the Day,Donald J. Sobol,,525672109,3.98,Dutton Juvenile,Hardcover,96,1970
2290113,"Encyclopedia Brown Lends a Hand (Encyclopedia Brown, #11)",Donald J. Sobol,,525672184,3.95,Dutton Juvenile,Hardcover,160,1974
43949790,The Bronze Bow,Elizabeth George Speare,,395137195,3.98,HMH Books for Young Readers,Paperback,254,1997
25205337,Heart and Brain: An Awkward Yeti Collection,Nick Seluk,,1449470890,4.33,Andrews McMeel Publishing,Paperback,144,2015
49015373,Revelation Space (The Inhibitor Trilogy Book 1),Alastair Reynolds,,,3.98,Orbit,Kindle Edition,561,2020
12016,"Look to Windward (Culture, #7)",Iain M. Banks,,743421922,4.19,Pocket Books/Simon & Schuster (NY),Paperback,496,2002
12013,"Excession (Culture, #5)",Iain M. Banks,,553575376,4.19,Random House Inc,Mass Market Paperback,500,1998
6271219,Problem Solving 101: A Simple Book for Smart People,Ken Watanabe,渡辺 健介,1591842425,4.11,Portfolio,Hardcover,111,2009
24885533,The Paper Menagerie and Other Stories,Ken Liu,,1481442546,4.38,Gallery / Saga Press,Hardcover,464,2016
59716,To the Lighthouse,Virginia Woolf,,140679239X,3.78,Harvest Books,Paperback,209,1989
162898,A Connecticut Yankee in King Arthur's Court,Mark Twain,,,3.76,Simon  Schuster,Paperback,480,2007
763508,Under Milk Wood,Dylan Thomas,,811202097,4.08,New Directions,Paperback,121,1954
563820,A Child's Christmas in Wales,Dylan Thomas,Trina Schart Hyman,823405656,4.15,Holiday House,Hardcover,48,1985
6619539,Do Not Go Gentle Into That Good Night,Dylan Thomas,,,4.5,,,1,1951
27276428,The Gene: An Intimate History,Siddhartha Mukherjee,,1476733503,4.33,Scribner,Hardcover,592,2016
30971755,A Crack in Creation: Gene Editing and the Unthinkable Power to Control Evolution,Jennifer A. Doudna,Samuel H. Sternberg,544716949,4.13,Houghton Mifflin Harcourt,Hardcover,304,2017
4808763,The Last Question,Isaac Asimov,"Bob E. Flick, Jim Gallant",1884214495,4.58,Ziggurat Productions,Audio CD,9,2007
52374,Against Interpretation and Other Essays,Susan Sontag,,312280866,4.13,Picador,Paperback,312,2001
3836,Don Quixote,Miguel de Cervantes Saavedra,"John Rutherford, Roberto González Echevarría",142437239,3.88,Penguin Books,Paperback,1023,2003
92625,The Ones Who Walk Away from Omelas,Ursula K. Le Guin,,886825016,4.39,"Creative Education, Inc.",Hardcover,32,1997
284996,The Complete Stories,Flannery O'Connor,Robert Giroux,,4.4,"Farrar, Straus & Giroux",Paperback,555,1971
41713578,A Good Man is Hard to Find,Flannery O'Connor,,571351816,3.91,Faber & Faber,Paperback,34,2019
77013,As I Lay Dying,William Faulkner,,,3.72,Vintage,Paperback,288,1991
13642,"A Wizard of Earthsea (Earthsea Cycle, #1)",Ursula K. Le Guin,,553383043,3.99,,Paperback,183,2004
16690,The Moon Is a Harsh Mistress,Robert A. Heinlein,,340837942,4.15,Hodder & Stoughton,Paperback,288,2005
4406,East of Eden,John Steinbeck,,142000655,4.38,Penguin Books,Paperback,601,2002
6800644,Inside the Black Box: The Simple Truth about Quantitative Trading,Rishi K. Narang,,470432063,3.7,John Wiley & Sons,Hardcover,224,2009
29,The Mother Tongue: English and How It Got That Way,Bill Bryson,,380715430,3.91,William Morrow Paperbacks,Paperback,270,1991
7815,The Year of Magical Thinking,Joan Didion,,1400078431,3.88,Vintage,Paperback,227,2007
53121631,Underland: A Deep Time Journey,Robert Macfarlane,,393358097,4.22,W. W. Norton  Company,Paperback,496,2020
36337550,The 7½ Deaths of Evelyn Hardcastle,Stuart Turton,,,3.89,Sourcebooks Landmark,Hardcover,432,2018
37738,Freckle Juice,Judy Blume,,9991373764,3.83,,Paperback,40,1988
36454667,"Empire of Silence (Sun Eater, #1)",Christopher Ruocchio,,,4,DAW,Kindle Edition,624,2018
11550559,The Kitchen Counter Cooking School: How a Few Simple Lessons Transformed Nine Culinary Novices into Fearless Home Cooks,Kathleen Flinn,,670023000,4.09,Viking Adult,Hardcover,304,2011
457228,Butcher's Crossing,John  Williams,Michelle Latiolais,1590171985,4.14,New York Review Books,Paperback,274,2007
642241,On Photography,Susan Sontag,,312420099,3.86,Picador,Paperback,224,2001
31578250,October: The Story of the Russian Revolution,China Miéville,,1784782777,3.91,Verso,Hardcover,369,2017
6617037,"Debt: The First 5,000 Years",David Graeber,,1933633867,4.18,Melville House Publishing,Hardcover,534,2011
14948,A Writer's Diary,Virginia Woolf,Leonard Woolf,156027917,4.13,Mariner Books,Paperback,355,2003
539282,Fences (The Century Cycle #6),August Wilson,,452264014,3.89,Plume Books,Paperback,101,1986
25322449,Radio Silence,Alice Oseman,Aysha Kala,,4.16,Harper Collins Children's Books,Paperback,403,2016
1450946,Enchantress from the Stars,Sylvia Engdahl,"Lois Lowry, Leo Dillon, Diane Dillon",802787649,3.95,Walker Childrens,Hardcover,288,2001
54870256,There Is No Antimemetics Division,qntm,Sam  Hughes,,4.37,,Kindle Edition,220,2020
74034,Amusing Ourselves to Death: Public Discourse in the Age of Show Business,Neil Postman,Andrew Postman,014303653X,4.13,Penguin Books,Paperback,184,2005
34928122,Artemis,Andy Weir,,553448129,3.67,Crown,Hardcover,305,2017
16066335,Fine Structure,Sam  Hughes,qntm,,4.15,,,223,2010
36315937,The Deepest Blue,Sarah Beth Durst,,,3.94,Harper Voyager,,368,2019
9778945,The Shallows: What the Internet Is Doing to Our Brains,Nicholas Carr,,393339750,3.89,W. W. Norton  Company,Paperback,280,2011
54711167,Ten Thousand Light-Years From Home (Penguin Science Fiction),James Tiptree,,,3.62,,Kindle Edition,,2020
17899948,Rebecca,Daphne du Maurier,,316323705,4.23,"Little, Brown and Company",ebook,449,2013
18774964,A Man Called Ove,Fredrik Backman,Henning Koch,1476738017,4.35,Atria Books,Hardcover,337,2014
18007533,One More Thing: Stories and Other Stories,B.J. Novak,,385351836,3.67,Knopf,Hardcover,288,2014
65840,"Anne of Windy Poplars (Anne of Green Gables, #4)",L.M. Montgomery,,808516965,4.04,Turtleback Books,Hardcover,288,1983
135479,Cat's Cradle,Kurt Vonnegut Jr.,,140285601,4.16,Penguin,Paperback,179,1999
20763766,Information Doesn't Want to Be Free: Laws for the Internet Age,Cory Doctorow,"Neil Gaiman, Amanda Palmer",1940450284,4.01,McSweeney's,Hardcover,192,2014
6289283,"Born to Run: A Hidden Tribe, Superathletes, and the Greatest Race the World Has Never Seen",Christopher McDougall,,307266303,4.29,Knopf,Hardcover,287,2009
44770129,"Ultralearning: Master Hard Skills, Outsmart the Competition, and Accelerate Your Career",Scott H. Young,,,3.93,HarperBusiness,Kindle Edition,304,2019
18966806,"Morning Star (Red Rising Saga, #3)",Pierce Brown,,345539842,4.48,Del Rey,Hardcover,524,2016
1038873,Think: A Compelling Introduction to Philosophy,Simon Blackburn,,192100246,3.77,"Oxford University Press, USA",Hardcover,296,1999
23282249,"Archivist Wasp (Archivist Wasp Saga, #1)",Nicole Kornher-Stace,,1618730975,3.74,Big Mouth House,Paperback,268,2015
35036409,My Brilliant Friend (The Neapolitan Novels #1),Elena Ferrante,Ann Goldstein,,3.97,Penguin Random House ,Paperback,331,2012
18075234,Challenger Deep,Neal Shusterman,,,4.14,HarperCollins,Kindle Edition,320,2015
2213661,The Graveyard Book,Neil Gaiman,Dave McKean,60530928,4.13,HarperCollins,Hardcover,307,2008
498954,"Addy's Surprise: A Christmas Story (American Girls: Addy, #3)",Connie Rose Porter,,1562470795,4.08,American Girl Publishing Inc,Paperback,88,1993
539304,"Addy Learns a Lesson: A School Story (American Girls: Addy, #2)",Connie Rose Porter,,1562470779,4.08,American Girl,Paperback,88,1993
654258,"Meet Addy: An American Girl (American Girls: Addy, #1)",Connie Rose Porter,,1562470752,4.08,American Girl Publishing Inc,Paperback,69,1993
114689,Peril at King's Creek: A Felicity Mystery (American Girl Mysteries),Elizabeth McDavid Jones,,1593691017,4.1,American Girl Publishing Inc,Paperback,167,2006
664147,"Changes for Felicity: A Winter Story (American Girls: Felicity, #6)",Valerie Tripp,,156247037X,4,American Girl Publishing Inc,Paperback,88,1992
722960,"Felicity Saves the Day: A Summer Story (American Girls: Felicity, #5)",Valerie Tripp,,1562470345,3.9,American Girl Publishing Inc,Paperback,88,1992
664135,"Happy Birthday, Felicity! A Springtime Story (American Girls: Felicity, #4)",Valerie Tripp,,,3.93,American Girl,Paperback,88,1992
716596,"Felicity's Surprise (American Girls: Felicity, #3)",Valerie Tripp,Keith Skeen,1562470108,3.94,American Girl Publishing Inc,Paperback,88,1991
215801,"Felicity Learns a Lesson: A School Story (American Girls: Felicity, #2)",Valerie Tripp,"Dan Andreasen, Luann Roberts, Keith Skeen, LATIMER",1562470078,3.91,American Girl Publishing Inc,Paperback,69,1991
420159,"Meet Felicity: An American Girl (American Girls: Felicity, #1)",Valerie Tripp,"Dan Andreasen, Luann Roberts",,3.9,American Girl,Paperback,69,1991
1126944,"Changes for Josefina: A Winter Story (American Girls: Josephina, #6)",Valerie Tripp,Jean-Paul Tibbles,1562475916,3.91,Pleasant Company Publications,Paperback,70,1998
500828,"Josefina Saves the Day: A Summer Story (American Girls: Josefina, #5)",Valerie Tripp,,1562475894,3.94,American Girl Publishing Inc,Paperback,69,1998
100310,"Happy Birthday, Josefina!: A Springtime Story (American Girls: Josefina, #4)",Valerie Tripp,"Jean-Paul Tibbles, Susan McAliley",1562475878,3.96,American Girl Publishing Inc,Paperback,69,1998
498925,Josefina's Surprise: A Christmas Story (American girls: Josefina #3),Valerie Tripp,"Susan McAliley, Jean-Paul Tibbles",1562475193,3.94,Pleasant Company Publications,Paperback,69,1997
1466360,"Josefina Learns a Lesson: A School Story (American Girls: Josefina, #2)",Valerie Tripp,Susan McAliley,1562475177,3.86,American Girl Publishing Inc,Paperback,70,1997
722946,"Meet Josefina: An American Girl (American Girls: Josefina, #1)",Valerie Tripp,"Jean-Paul Tibbles, Susan McAliley",,3.92,Pleasant Company Publications,Paperback,85,1997
100317,"Happy Birthday, Kit: A Springtime Story (American Girls: Kit, #4)",Valerie Tripp,"Susan McAliley, Walter Rane",1584850221,4.06,American Girl Publishing Inc,Paperback,69,2001
1126942,"Kit's Surprise: A Christmas Story (American Girls: Kit, #3)",Valerie Tripp,,1584850205,3.99,American Girl Publishing Inc,Paperback,71,2000
1126945,"Kit Learns a Lesson: A School Story (American Girls: Kit, #2)",Valerie Tripp,,1584850183,3.96,American Girl Publishing Inc,Paperback,67,2000
692763,"Meet Kit: An American Girl 1934 (American Girls: Kit, #1)",Valerie Tripp,,1584850167,4,American Girl Publishing Inc,Paperback,69,2000
89148,The Stolen Sapphire: A Samantha Mystery (American Girl Mysteries),Sarah Masters Buckey,,1593690991,4.07,American Girl Publishing Inc,Paperback,181,2006
1024525,"Nellie's Promise (American Girls: Samantha, #7)",Valerie Tripp,,1584858907,4,American Girl Publishing Inc,Paperback,85,2004
508208,"Changes for Samantha: A Winter Story (American Girls: Samantha, #6)",Valerie Tripp,Dan Andreasen,937295957,4.04,American Girl,Hardcover,66,1990
508204,"Samantha Saves the Day: A Summer Story (American Girls: Samantha, #5)",Valerie Tripp,"Robert Grace, Nancy Niles, Luann Roberts",937295922,4.08,American Girl Publishing Inc,Hardcover,65,1990
508203,"Happy Birthday Samantha!: A Springtime Story (American Girls: Samantha, #4)",Valerie Tripp,"Robert Grace, Nancy Niles, Jana Fothergill",937295892,4,American Girl Publishing Inc,Hardcover,62,1991
508200,"Samantha's Surprise: A Christmas Story (American Girls: Samantha, #3)",Maxine Rose Schur,"Robert Grace, Nancy Niles",937295868,4.07,American Girl,Hardcover,66,1990
1158510,"Samantha Learns a Lesson: A School Story (American Girls: Samantha, #2)",Susan S. Adler,,937295132,4.08,American Girl Publishing Inc,Paperback,61,1988
200963,"Meet Samantha: An American Girl (American Girl: Samantha, #1)",Susan S. Adler,"Renée Graef, Nancy Niles",937295809,3.99,American Girl,Hardcover,64,1990
698034,Time Out of Joint,Philip K. Dick,,037571927X,3.85,Vintage,Paperback,255,2002
18490619,Friendship,Emily Gould,,374158614,3.06,"Farrar, Straus and Giroux",Hardcover,258,2014
34857255,The Summer List,Amy Mason Doan,,,3.93,Graydon House,Kindle Edition,384,2018
27219742,The Doomed City,Arkady Strugatsky,"Boris Strugatsky, Andrew Bromfield, Dmitry Glukhovsky",1613749937,4.24,Chicago Review Press,Paperback,462,2016
53258232,The Giver of Stars,Jojo Moyes,,399562494,4.27,Penguin Books,Paperback,416,2021
18966819,"Golden Son (Red Rising Saga, #2)",Pierce Brown,,345539826,4.44,Del Rey,ebook,430,2015
50623864,The Invisible Life of Addie LaRue,V.E. Schwab,,765387565,4.3,Tor Books,Hardcover,448,2020
12007,"Use of Weapons (Culture, #3)",Iain M. Banks,,185723135X,4.17,Orbit,Paperback,411,1992
18630,"The Player of Games (Culture, #2)",Iain M. Banks,,61053562,4.27,HarperPrism,Paperback,293,1997
6597651,The Windup Girl,Paolo Bacigalupi,,1597801577,3.74,Night Shade Books,Hardcover,359,2009
20170404,Station Eleven,Emily St. John Mandel,,385353308,4.05,Knopf,Hardcover,333,2014
968997,"Neverness (A Requiem for Homo Sapiens, #0)",David Zindell,,553279033,4.09,Bantam Spectra,Mass Market Paperback,552,1989
68333,"Beggars in Spain (Sleepless, #1)",Nancy Kress,,60733489,3.94,Harper Voyager,Paperback,400,2004
9732197,Sirius,Olaf Stapledon,,575099429,3.89,Gollancz,Paperback,194,2011
92121,Nine Princes in Amber (The Chronicles of Amber #1),Roger Zelazny,Tim          White,380014300,4.05,Avon,Mass Market Paperback,175,1986
6993091,The Dervish House,Ian McDonald,,1616142049,3.86,Pyr,Hardcover,358,2010
54120408,Klara and the Sun,Kazuo Ishiguro,,059331817X,3.91,Knopf,Hardcover,304,2021
8908,World War Z: An Oral History of the Zombie War,Max Brooks,,307346609,4.01,Crown,Hardcover,342,2006
25953369,Hidden Figures,Margot Lee Shetterly,,62363603,3.92,William Morrow Paperbacks,Paperback,349,2016
55714026,"Second Foundation (Foundation, #3)",Isaac Asimov,,,4.25,Spectra,Kindle Edition,304,2004
12753231,"Monument 14 (Monument 14, #1)",Emmy Laybourne,,312569033,3.9,Feiwel & Friends,Hardcover,304,2012
25667918,"Binti (Binti, #1)",Nnedi Okorafor,,765384469,3.92,Tor.com,ebook,96,2015
170448,Animal Farm,George Orwell,"Russell Baker, C.M. Woodhouse",451526341,3.96,Signet Classics,Mass Market Paperback,141,1996
112537,"Rendezvous with Rama (Rama, #1)",Arthur C. Clarke,,1857231589,4.1,,Paperback,243,2000
50384579,"Lord Valentine's Castle (Lord Valentine, #1)",Robert Silverberg,,1473229227,3.89,Gollancz,Paperback,496,2020
156785,Diaspora,Greg Egan,,3453161815,4.13,Heyne,Paperback,443,2000
35889565,"Attack of the 50 Foot Blockchain: Bitcoin, Blockchain, Ethereum  Smart Contracts",David    Gerard,,,3.97,David Gerard,ebook,,2017
1478958,The Grandmother (Babička),Božena Němcová,"Frances Gregor, Karel Hruška",8072530720,3.34,Vitalis,Paperback,334,2006
32855427,Vattu: The Sword & the Sacrament,Evan Dahm,,,4.42,,Paperback,312,2016
55714000,"Foundation and Empire (Foundation, #2)",Isaac Asimov,,,4.21,Spectra,Kindle Edition,320,2004
349090,Infinity Welcomes Careful Drivers (Red Dwarf #1),Grant Naylor,,451452011,4.06,Roc,Mass Market Paperback,298,1992
36465166,The Complete Guide To Pomsky Training: Pomsky training from start to finish,Jake Lang,Pomsky Owners Association,,4.44,,Kindle Edition,174,2017
22584,"Flow My Tears, the Policeman Said",Philip K. Dick,Chris     Moore,1857983416,3.91,Gollancz  ,Paperback,204,2001
40793127,"Foundation (Foundation, #1)",Isaac Asimov,,,4.17,Spectra,Revised edition,Kindle Edition,255
49021976,"Rhythm of War (The Stormlight Archive, #4)",Brandon Sanderson,,765326388,4.63,Tor Books,Hardcover,1232,2020
34002132,"Oathbringer (The Stormlight Archive, #3)",Brandon Sanderson,,076532637X,4.57,Tor Books,Hardcover,1248,2017
17332218,"Words of Radiance (The Stormlight Archive, #2)",Brandon Sanderson,,765326361,4.74,Tor Books,Hardcover,1087,2014
48829708,To Sleep in a Sea of Stars,Christopher Paolini,,1250762847,3.82,Tor Books,Hardcover,878,2020
37570546,"Maybe You Should Talk to Someone: A Therapist, Her Therapist, and Our Lives Revealed",Lori Gottlieb,,1328662055,4.37,Houghton Mifflin Harcourt,Hardcover,415,2019
18908825,"Mort (Discworld, #4)",Terry Pratchett,,1473200105,4.21,Gollancz ,Hardcover,257,2013
40792913,"Altered Carbon (Takeshi Kovacs, #1)",Richard K. Morgan,,,4.04,Del Rey,Kindle Edition,544,2018
7767276,Bridge of Clay,Markus Zusak,,385614292,3.8,Doubleday,Hardcover,464,2018
49552,The Stranger,Albert Camus,"Vedat Günyol, Jalal Al-e Ahmad, Matthew  Ward, علی‌اصغر خبره‌زاده",,3.99,Vintage International,Paperback,123,1989
18077769,"Authority (Southern Reach, #2)",Jeff VanderMeer,,374104107,3.52,"Farrar, Straus and Giroux",Paperback,341,2014
3677,Where Angels Fear to Tread,E.M. Forster,,1419193775,3.62,Kessinger Publishing,Paperback,148,2004
1096390,The Uncommon Reader,Alan Bennett,,374280967,3.76,"Farrar, Straus and Giroux",Hardcover,120,2007
52373,Regarding the Pain of Others,Susan Sontag,,141012374,4.06,Penguin,Paperback,117,2004
166350,Stray Birds,Rabindranath Tagore,,1596050179,4.31,Cosimo Classics,Paperback,96,2004
17333223,The Goldfinch,Donna Tartt,,316055433,3.92,"Little, Brown and Company",Hardcover,771,2013
223380,Stories of Your Life and Others,Ted Chiang,,330426648,4.22,Small Beer Press,ebook,281,2010
525304,Star Maker,Olaf Stapledon,,,3.93,Millennium Paperbacks,Paperback,272,1999
43587154,"Jade City (The Green Bone Saga, #1)",Fonda Lee,,316440884,4.08,Orbit,Paperback,560,2018
52578297,The Midnight Library,Matt Haig,,,4.15,Viking,Hardcover,288,2020
397483,"The Devil in the White City: Murder, Magic, and Madness at the Fair That Changed America",Erik Larson,,609608444,3.98,Crown Publishers,Hardcover,447,2003
50798,Jude the Obscure,Thomas Hardy,"Patricia Ingham, Dennis Taylor, Jenny Sterlin, Mark Oxford, James Oliver Smith Jr.",486452433,3.81,Dover Publications,Paperback,310,2006
6443834,"1Q84 Book 1 (1Q84, #1)",Haruki Murakami,村上 春樹,4103534222,4.01,Shinchosha/Tsai Fong Books,Hardcover,554,2009
12725,Sing Down the Moon,Scott O'Dell,,440979757,3.75,Laurel Leaf Library,Paperback,124,1997
6444492,A Paradise Built in Hell: The Extraordinary Communities That Arise in Disaster,Rebecca Solnit,,670021075,3.94,Viking Adult,Hardcover,353,2009
840278,"Eon (The Way, #1)",Greg Bear,,812520475,3.89,Tor Science Fiction,Mass Market Paperback,504,1991
632902,Energy: A Beginner's Guide,Vaclav Smil,,1851684522,3.96,Oneworld Publications,Paperback,192,2006
18194,The Cyberiad,Stanisław Lem,"Michael Kandel, Daniel Mróz",156027593,4.17,Harcourt,Paperback,295,2002
43575115,The Starless Sea,Erin Morgenstern,,038554121X,3.85,Doubleday Books,Hardcover,498,2019
15839976,"Red Rising (Red Rising Saga, #1)",Pierce Brown,,345539788,4.23,Del Rey,Hardcover,382,2014
32617610,Sea of Rust,C. Robert Cargill,,1473212782,4.08,Gollancz,Paperback,365,2017
21020588,Kindred,Octavia E. Butler,,1472214811,4.27,Headline,Paperback,295,2014
29101491,The Tetris Effect: The Game that Hypnotized the World,Dan Ackerman,,1610396111,3.62,PublicAffairs,Hardcover,272,2016
58696,David Copperfield,Charles Dickens,Jeremy Tambling,,4,Penguin ,Paperback,882,2004
1215739,Lise Meitner: A Life in Physics,Ruth Lewin Sime,,520208609,4.3,University of California Press,Paperback,540,1997
31250,Little Dorrit,Charles Dickens,"Stephen J. Wall, Helen Small",,3.99,Penguin Classics,Paperback,1021,2003
15644581,Order of Tales,Evan Dahm,,,4.23,,Paperback,792,2012
29588376,"The Lies of Locke Lamora (Gentleman Bastard, #1)",Scott Lynch,,,4.26,Spectra,Kindle Edition,752,2006
25837084,The Left Hand of Darkness,Ursula K. Le Guin,,,4.08,Ace,Kindle Edition,320,2000
35924705,"Herding Cats (Sarah's Scribbles, #3)",Sarah Andersen,,1449489788,4.14,Andrews McMeel Publishing,Paperback,112,2018
30754980,"Big Mushy Happy Lump (Sarah's Scribbles, #2)",Sarah Andersen,,1449479618,4.23,Andrews McMeel Publishing,Paperback,128,2017
25855506,"Adulthood Is a Myth (Sarah's Scribbles, #1)",Sarah Andersen,,1449474195,4.12,Andrews McMeel Publishing,Paperback,112,2016
7967,"Speaker for the Dead (Ender's Saga, #2)",Orson Scott Card,,812550757,4.07,Tor Books,Paperback,382,1994
34927828,The Great Alone,Kristin Hannah,,312577230,4.35,St. Martin's Press,Hardcover,440,2018
9869499,The Ledge: An Adventure Story of Friendship and Survival on Mount Rainier,Jim Davidson,Kevin Vaughan,345523199,3.88,Ballantine Books,Hardcover,288,2011
17934530,"Annihilation (Southern Reach, #1)",Jeff VanderMeer,,374104093,3.72,"Farrar, Straus and Giroux",Paperback,195,2014
6393631,"Smile (Smile, #1)",Raina Telgemeier,,545132053,4.26,Scholastic/Graphix,Hardcover,224,2010
259991,The Terrorist,Caroline B. Cooney,,590228544,3.56,Scholastic Paperbacks,Paperback,208,1999
51075314,XX,Rian Hughes,,1419750690,3.89,Harry N. Abrams,Hardcover,992,2020
36205393,Math with Bad Drawings,Ben Orlin,,316509035,4.22,Black Dog  Leventhal,Hardcover,376,2018
38201983,CARL,Hussein Traboulsi,,,4.58,Line Webtoon,Webcomic,,2017
337116,The Difference Engine ,William Gibson,Bruce Sterling,055329461X,3.46,Spectra Books,Paperback,429,1992
40651883,Snow Crash,Neal Stephenson,,,4.02,Spectra,Kindle Edition,559,2003
5152478,Wintergirls,Laurie Halse Anderson,,067001110X,3.96,Viking Books for Young Readers,Hardcover,278,2009
34664204,Vattu: The Tower and the Shadow (Vattu #3),Evan Dahm,,,4.59,,ebook,386,2018
6902644,xkcd: volume 0,Randall Munroe,,615314465,4.33,Breadpig,Paperback,120,2010
20555289,Vattu: The Name & the Mark,Evan Dahm,,,4.36,,Paperback,280,2013
130085,"Nory Ryan's Song (Nory Ryan, #1)",Patricia Reilly Giff,,440418291,3.93,Yearling,Paperback,176,2002
288143,Maggie's Door (Nory Ryan #2),Patricia Reilly Giff,,440415810,3.89,Yearling,Paperback,176,2005
17182126,"Steelheart (The Reckoners, #1)",Brandon Sanderson,,385743564,4.12,Delacorte Press,Hardcover,386,2013
662,Atlas Shrugged,Ayn Rand,Leonard Peikoff,452011876,3.69,Plume,Paperback,1078,1999
13496,"A Game of Thrones (A Song of Ice and Fire, #1)",George R.R. Martin,,553588486,4.44,Bantam,Mass Market Paperback,835,2005
33574273,"A Wrinkle in Time (Time Quintet, #1)",Madeleine L'Engle,,1250153271,3.99,Square Fish,Paperback,218,2017
41817486,A Clockwork Orange,Anthony Burgess,,393341763,3.99,W. W. Norton & Company,Paperback,213,2019
11297,Norwegian Wood,Haruki Murakami,Jay Rubin,375704027,4.03,Vintage Books,Paperback,296,2000
4703581,The City & the City,China Miéville,,345497511,3.9,Del Rey/Ballantine Books,Hardcover,312,2009
9969571,"Ready Player One (Ready Player One, #1)",Ernest Cline,,030788743X,4.24,Crown Publishers,Hardcover,374,2011
294420,Hoot,Carl Hiaasen,,,3.82,,Paperback,292,
49127718,Anxious People,Fredrik Backman,Neil Smith,,4.25,Atria Books,Hardcover,341,2020
37786022,"Storyworthy: Engage, Teach, Persuade, and Change Your Life through the Power of Storytelling",Matthew Dicks,Dan Kennedy,1608685489,4.33,New World Library,Paperback,368,2018
35068705,"The Poppy War (The Poppy War, #1)",R.F. Kuang,,62662597,4.04,Harper Voyager,ebook,531,2018
826845,The Chrysalids,John Wyndham,,140013083,3.93,Penguin Books,Mass Market Paperback,200,1977
396329,The Man Who Fell to Earth,Walter Tevis,,345431618,4.06,Del Rey,Paperback,209,1999
9592,Mother Night,Kurt Vonnegut Jr.,,385334141,4.19,Dial Press,Paperback,282,1999
11468377,"Thinking, Fast and Slow",Daniel Kahneman,,374275637,4.16,"Farrar, Straus and Giroux",Hardcover,499,2011
369295,In My Enemy's House,Carol Matas,,689824009,3.95,Simon Pulse,Paperback,176,2000
10089,"Mary, Queen of Scots: Queen Without a Country, France, 1553",Kathryn Lasky,,439194040,3.83,Scholastic,Hardcover,202,2002
93750,"Anastasia: The Last Grand Duchess, Russia, 1914",Carolyn Meyer,,439129087,3.91,Scholastic,Hardcover,219,2000
48855,The Diary of a Young Girl,Anne Frank,"Eleanor Roosevelt, Barbara Mooyaart-Doubleday",,4.16,Bantam,Mass Market Paperback,283,1993
54284,Surviving Hitler: A Boy in the Nazi Death Camps,Andrea Warren,,60007672,4.17,HarperCollins,Paperback,146,2002
1328363,Someone Named Eva,Joan M. Wolf,,618535799,4.12,Clarion Books,Hardcover,200,2007
25893693,Lilac Girls,Martha Hall Kelly,,1101883073,4.27,Ballantine Books,Hardcover,487,2016
45309582,"Shorefall (The Founders Trilogy, #2)",Robert Jackson Bennett,,,4.11,Del Rey,Kindle Edition,493,2020
41637836,The Subtle Knife,Philip Pullman,,,4.13,RHCP Digital,Kindle Edition,370,2018
373755,"Absalom, Absalom!",William Faulkner,,679732187,3.97,Vintage,Paperback,316,1990
28194,"Inkheart (Inkworld, #1)",Cornelia Funke,Anthea Bell,439709105,3.88,Scholastic Paperbacks,Paperback,563,2005
40963358,Dhalgren,Samuel R. Delany,William Gibson,,3.78,Open Road Media Sci-Fi & Fantasy,Kindle Edition,836,2014
3023,Basic Economics: A Citizen's Guide to the Economy,Thomas Sowell,,465081452,4.34,Basic Books,Hardcover,448,2003
41040809,The Vue Handbook,Flavio Copes,,,3.94,,ebook,122,2018
33255500,Modern Python Cookbook,Steven F. Lott,,1786463849,3.55,Packt Publishing,ebook,583,2016
17333319,Burial Rites,Hannah Kent,,316243914,4.01,"Little, Brown and Company",Hardcover,336,2013
40961230,The Travelling Cat Chronicles,Hiro Arikawa,Philip Gabriel,,4.3,Viking,Kindle Edition,288,2018
38958846,"Sheets (Sheets, #1)",Brenna Thummler,,194130267X,3.83,Oni Press,Paperback,239,2018
114230,Bartleby the Scrivener,Herman Melville,,974607800,3.92,Melville House,Paperback,64,2004
35220,The Red Badge of Courage,Stephen Crane,,1580495869,3.27,"Clayton, Del. : Prestwick House Literary Touchstone Classics,",Paperback,149,2006
9833014,On the Road to Babadag: Travels in the Other Europe,Andrzej Stasiuk,Michael Kandel,151012717,3.74,Houghton Mifflin Harcourt,Hardcover,272,2011
17978489,"The Future of the Mind: The Scientific Quest to Understand, Enhance, and Empower the Mind",Michio Kaku,,038553082X,4.08,Doubleday,Hardcover,377,2014
1168341,Physics of the Impossible,Michio Kaku,,385520697,4.07,Doubleday Books,Hardcover,329,2008
12067,"Good Omens: The Nice and Accurate Prophecies of Agnes Nutter, Witch",Terry Pratchett,Neil Gaiman,,4.23,William Morrow,Mass Market Paperback,491,2006
76620,"Watership Down (Watership Down, #1)",Richard  Adams,,038039586X,4.06,Avon Books,Mass Market Paperback,478,1975
37173847,"Foundryside (The Founders Trilogy, #1)",Robert Jackson Bennett,,,4.22,Crown,Kindle Edition,512,2018
34328664,"A Conspiracy of Truths (A Conspiracy of Truths, #1)",Alexandra Rowland,,1534412808,3.97,Saga Press,Hardcover,456,2018
18293427,The Storied Life of A.J. Fikry,Gabrielle Zevin,,1616203218,3.99,Algonquin Books,Hardcover,260,2014
52588652,The Chain,Adrian McKinty,,316531235,3.8,Mulholland Books,Paperback,368,2020
25899336,When Breath Becomes Air,Paul Kalanithi,,,4.36,Random House,Paperback,208,2016
22055262,"A Darker Shade of Magic (Shades of Magic, #1)",V.E. Schwab,,765376458,4.06,Tor Books,Hardcover,400,2015
35959740,Circe,Madeline Miller,,316556343,4.26,"Little, Brown and Company",Hardcover,393,2018
22816087,Seveneves,Neal Stephenson,,,3.98,William Morrow,Kindle Edition,880,2015
52668196,"Do Nothing: How to Break Away from Overworking, Overdoing, and Underliving",Celeste Headlee,,1984824732,3.89,Harmony,Hardcover,288,2020
28954189,"Scythe (Arc of a Scythe, #1)",Neal Shusterman,,,4.31,Simon Schuster Books for Young Readers,Hardcover,435,2016
676,Sailing Alone Around the Room: New and Selected Poems,Billy Collins,,375755195,4.23,Random House Trade Paperbacks,Paperback,172,2002
1215032,"The Wise Man's Fear (The Kingkiller Chronicle, #2)",Patrick Rothfuss,,756404738,4.54,DAW Books,Hardcover,994,2011
720298,Codependent No More: How to Stop Controlling Others and Start Caring for Yourself,Melody Beattie,,894864025,4.13,Hazelden Publishing,Paperback,276,1986
5113,Franny and Zooey,J.D. Salinger,,316769029,3.97,Back Bay Books,Paperback,201,2001
29036,The Great Influenza: The Story of the Deadliest Pandemic in History,John M. Barry,,143036491,3.98,Penguin Books,Paperback,546,2005
49112005,The Doorstep Mile: Live More Adventurously Every Day,Alastair Humphreys,,,3.8,,Kindle Edition,225,2019
16299,And Then There Were None,Agatha Christie,,312330871,4.26,St. Martin's Press,Paperback,264,2004
29044,The Secret History,Donna Tartt,,1400031702,4.1,Vintage,Paperback,559,2004
816870,Johnny Tremain,Esther Forbes,Lynd Ward,,3.65,Yearling,Paperback,322,1987
368468,"Bud, Not Buddy",Christopher Paul Curtis,,385323069,3.94,Delacorte Books for Young Readers,Hardcover,243,1999
65954,Up a Road Slowly,Irene Hunt,,425202054,4,Berkley,Paperback,197,2005
10032672,The Language of Flowers,Vanessa Diffenbaugh,,034552554X,4.08,Ballantine Books,Hardcover,323,2011
937020,A Lantern in Her Hand,Bess Streeter Aldrich,,140384286,4.14,Puffin Books,Paperback,251,1997
65959,Across Five Aprils,Irene Hunt,,425182789,3.51,Berkley,Paperback,224,2002
1089956,Star of Light,Patricia St. John,,802465773,4.05,Moody Publishers,Paperback,160,2002
286043,"Encyclopedia Brown Tracks Them Down (Encyclopedia Brown, #8)",Donald J. Sobol,,553150936,3.99,Bantam Skylark,Paperback,96,1971
846192,"Of Flowers and Shadows (Portraits, #2)",Anna Kirwan,,439710103,3.54,Scholastic,Hardcover,160,2005
481743,The Wave,Todd Strasser,Morton Rhue,440993717,3.61,Laurel Leaf Books,Mass Market Paperback,138,2005
16096824,"A Court of Thorns and Roses (A Court of Thorns and Roses, #1)",Sarah J. Maas,,1619634449,4.2,Bloomsbury USA Childrens,Hardcover,419,2015
120555,The Veldt,Ray Bradbury,Gary Kelley,886821088,4.2,Creative Education,Paperback,45,1987
28243032,We Are Okay,Nina LaCour,,525425896,3.94,Dutton Books for Young Readers,Hardcover,236,2017
835496,Testament of Friendship,Vera Brittain,,860681505,3.99,Virago Press Ltd,Paperback,453,1992
7851346,Lost Brother (Book Two in the Lost Mystery Trilogy),Franklin W. Dixon,,1442402563,4.21,Aladdin,Paperback,160,2010
7749151,The Children of the Lost (The Lost Mystery Trilogy #1),Franklin W. Dixon,,1442402628,4.32,Aladdin,Paperback,192,2010
3002348,"Double Trouble (Hardy Boys: Undercover Brothers, #25; Double Danger Trilogy, #1)",Franklin W. Dixon,,1416967656,4.12,Aladdin,Paperback,176,2008
2537757,"Murder House (Hardy Boys: Undercover Brothers, #24)",Franklin W. Dixon,,1416964096,4.29,Aladdin,Paperback,160,2008
2462121,"House Arrest (Hardy Boys: Undercover Brothers, #23)",Franklin W. Dixon,,1416961712,4.13,Aladdin,Paperback,176,2008
278532,"Pushed (Hardy Boys: Undercover Brothers, #18)",Franklin W. Dixon,,1416948023,4.02,Aladdin,Paperback,160,2007
1536453,"Thrill Ride (Hardy Boys: Undercover Brothers, #4)",Franklin W. Dixon,,1416900055,3.97,Aladdin,Paperback,160,2005
76968,"The Secret of Pirates' Hill (Hardy Boys, #36)",Franklin W. Dixon,,044808936X,3.76,Grosset & Dunlap,Hardcover,192,1957
76971,"The Secret of Wildcat Swamp (The Hardy Boys, #31)",Franklin W. Dixon,,448089319,3.79,"Grosset & Dunlap, Inc.",Hardcover,178,1952
32198,"The Secret of Skull Mountain (Hardy Boys, #27)",Franklin W. Dixon,,448189275,3.82,Grosset & Dunlap,Paperback,192,1975
76980,"What Happened at Midnight (The Hardy Boys, #10)",Franklin W. Dixon,,448089106,3.87,Grosset & Dunlap,Hardcover,173,1997
76951,"Hunting for Hidden Gold (The Hardy Boys, #5)",Franklin W. Dixon,,044808905X,3.92,Grosset & Dunlap,Hardcover,177,2003
76978,"The Secret of the Old Mill (The Hardy Boys, #3)",Franklin W. Dixon,,448089033,3.88,Grosset & Dunlap,Hardcover,174,2002
21032488,"The Doors of Stone (The Kingkiller Chronicle, #3)",Patrick Rothfuss,,575081449,3.68,Gollancz,Hardcover,896,
34272476,Devotions: The Selected Poems of Mary Oliver,Mary Oliver,,399563245,4.6,Penguin Press,Hardcover,456,2017
13530973,Antifragile: Things That Gain from Disorder,Nassim Nicholas Taleb,,1400067820,4.08,Random House,Hardcover,426,2012
242472,The Black Swan: The Impact of the Highly Improbable,Nassim Nicholas Taleb,"David Chandler, Микола Климчук",1400063515,3.95,Random House ,Hardcover,366,2007
76479,A Field Guide to Getting Lost,Rebecca Solnit,,143037242,3.93,Penguin Books,Paperback,209,2006
52766000,Big Friendship: How We Keep Each Other Close,Aminatou Sow,Ann Friedman,1982111909,3.8,Simon  Schuster,Hardcover,256,2020
6900,Tuesdays with Morrie,Mitch Albom,,751529818,4.12,Warner,Paperback,210,2000
42080142,The Turn of the Key,Ruth Ware,,1501188771,3.93,Scout Press,Hardcover,337,2019
40095501,The Sign of the Beaver,Elizabeth George Speare,,,3.83,Houghton Mifflin Harcourt,Kindle Edition,148,1983
10365,Where the Red Fern Grows,Wilson Rawls,,375806814,4.08,Yearling,Mass Market Paperback,272,2000
25744928,Deep Work: Rules for Focused Success in a Distracted World,Cal Newport,ناهید ملکی,1455586692,4.19,Grand Central Publishing,Hardcover,296,2016
32951877,Anxious for Nothing: Finding Calm in a Chaotic World,Max Lucado,,718096126,4.15,Thomas Nelson,Hardcover,240,2017
31373633,And Every Morning the Way Home Gets Longer and Longer,Fredrik Backman,,,4.31,Atria Books,Kindle Edition,97,2016
77366,"The Hero and the Crown (Damar, #2)",Robin McKinley,,441328091,4.21,Ace,Mass Market Paperback,240,1987
25489134,"The Bear and the Nightingale (The Winternight Trilogy, #1)",Katherine Arden,,1101885939,4.08,Del Rey Books,Hardcover,319,2017
4069,Man's Search for Meaning,Viktor E. Frankl,"Harold S. Kushner, William J. Winslade, Isle Lasch",080701429X,4.35,Beacon Press,Paperback,165,2006
287565,Adam of the Road,Elizabeth Janet Gray,Elizabeth Gray Vining,590339834,3.77,Scholastic Book Services,Mass Market Paperback,320,1970
72543,The Door in the Wall,Marguerite de Angeli,,440227798,3.75,Laurel Leaf Library,Paperback,120,1998
33413128,"Beartown (Beartown, #1)",Fredrik Backman,Neil Smith,,4.25,Simon & Schuster,Kindle Edition,432,2017
27209431,The Inevitable: Understanding the 12 Technological Forces That Will Shape Our Future,Kevin Kelly,,,3.93,Viking,Hardcover,336,2016
4671,The Great Gatsby,F. Scott Fitzgerald,Francis Scott Fitzgerald,,3.93,Scribner,Paperback,200,2004
3153910,The Art of Racing in the Rain,Garth Stein,,1554681723,4.21,Harper Collins,Hardcover,321,2008
34273236,Little Fires Everywhere,Celeste Ng,,735224293,4.09,Penguin Press,Hardcover,338,2017
35690256,"Music Theory 101: From keys and scales to rhythm and melody, an essential primer on the basics of music theory (Adams 101)",Brian Boone,Marc Schonbrun,,3.96,Adams Media,Kindle Edition,257,2017
9591398,"The Girl Who Circumnavigated Fairyland in a Ship of Her Own Making (Fairyland, #1)",Catherynne M. Valente,,312649614,3.91,Feiwel & Friends,Hardcover,247,2011
14866,Nineteen Minutes,Jodi Picoult,,743496728,4.13,Atria Books,Hardcover,440,2007
721609,Spark: The Revolutionary New Science of Exercise and the Brain,John J. Ratey,Eric Hagerman,316113506,4.1,"Little, Brown Spark",Hardcover,304,2008
2195464,What I Talk About When I Talk About Running,Haruki Murakami,Philip Gabriel,307269191,3.85,Knopf Publishing Group,Hardcover,188,2008
26566676,Discrete Mathematics: An Open Introduction,Oscar Levin,,1516921186,3.89,Createspace Independent Publishing Platform,Paperback,296,2015
17999205,Computing with Quantum Cats: From Colossus to Qubits,John Gribbin,,593071158,3.73,Bantam Press,Paperback,304,2013
41014339,"Endure: Mind, Body, and the Curiously Elastic Limits of Human Performance",Alex  Hutchinson,,,4.14,"Endure: Mind, Body, and the Curiously Elastic Limits of Human Performance",Kindle Edition,321,2018
29437949,Behind Closed Doors,B.A. Paris,,1250121000,3.95,St. Martin's Press,Hardcover,293,2016
6186357,"The Maze Runner (The Maze Runner, #1)",James Dashner,,385737947,4.03,Delacorte Press,Hardcover,384,2009
38709,"Holes (Holes, #1)",Louis Sachar,,439244196,3.98,Scholastic,Paperback,233,2000
37190,The Tale of Despereaux,Kate DiCamillo,Timothy Basil Ering,763625299,4.04,Candlewick Press,Paperback,267,2008
44077476,"The Mysterious Benedict Society and the Riddle of Ages (The Mysterious Benedict Society, #4)",Trenton Lee Stewart,,,4.2,"Little, Brown",,391,2019
6164358,"The Mysterious Benedict Society and the Prisoner's Dilemma (The Mysterious Benedict Society, #3)",Trenton Lee Stewart,Del Roy,307582396,4.3,Listening Library (Audio),Audio CD,11,2009
27064345,"The Mandibles: A Family, 2029–2047",Lionel Shriver,,62328247,3.67,Harper,Hardcover,416,2016
200924,Secrets in the Hills: A Josefina Mystery (American Girl Mysteries),Kathleen Ernst,Jean-Paul Tibbles,1593690975,4.01,American Girl Publishing Inc,Paperback,183,2006
303917,"Zia (Island of the Blue Dolphins, #2)",Scott O'Dell,,440228174,3.47,Yearling,Mass Market Paperback,208,1998
124245,The Black Pearl,Scott O'Dell,,440228867,3.49,Yearling,Mass Market Paperback,112,1999
41044096,Island of the Blue Dolphins,Scott O'Dell,,,3.84,HMH Books for Young Readers,Kindle Edition,194,2010
122756,My Brother Sam Is Dead,James Lincoln Collier,Christopher Collier,,3.42,Scholastic Paperbacks,Paperback,240,2005
1000239,"My Secret War: The World War II Diary of Madeline Beck, Long Island, New York 1941 (Dear America)",Mary Pope Osborne,,590687158,3.98,Scholastic Inc.,Hardcover,182,2000
875642,A Time For Courage: The Suffragette Diary of Kathleen Bowen (Dear America),Kathryn Lasky,,590511416,3.93,Scholastic Inc.,Hardcover,176,2002
875641,Seeds of Hope: The Gold Rush Diary of Susanna Fairchild (Dear America),Kristiana Gregory,,590511572,3.92,Scholastic,Hardcover,186,2001
247982,"Voyage on the Great Titanic: The Diary of Margaret Ann Brady, R.M.S. Titanic, 1912 (Dear America)",Ellen Emerson White,,590962736,3.98,Scholastic,Hardcover,204,1998
1942409,"Annison's Risk (Adventures in Odyssey: Passages, #3)",Paul McCusker,,1561798096,4.1,Tommy Nelson,Paperback,177,1999
1942407,"Arin's Judgment (Adventures in Odyssey: Passages, #2)",Paul McCusker,,156179774X,3.97,Tommy Nelson,Paperback,208,1999
579039,"Darien's Rise (Adventures In Odyssey: Passages, #1)",Paul McCusker,,1561797731,4.09,Tommy Nelson,Paperback,208,1999
24583,The Adventures of Tom Sawyer,Mark Twain,"Guy Cardwell, Ivan Kušan, John Seelye",143039563,3.92,Penguin Classics,Paperback,244,2006
337058,Jacob Have I Loved,Katherine Paterson,,,3.67,HarperCollins,Paperback,244,2003
299355,The Escape from Home (Beyond the Western Sea #1),Avi,,380728753,3.81,HarperTrophy,Paperback,336,1997
121880,"Lord Kirkle's Money (Beyond the Western Sea, #2)",Avi,,380728761,3.89,HarperTrophy,Paperback,432,1998
9466032,"A Tale of Two Castles (A Tale of Two Castles, #1)",Gail Carson Levine,Greg Call,61229652,3.76,HarperTeen,Hardcover,328,2011
24812,The Complete Calvin and Hobbes,Bill Watterson,,740748475,4.79,Andrews McMeel Publishing,Hardcover,1456,2005
2159225,"The Mysterious Benedict Society and the Perilous Journey (The Mysterious Benedict Society, #2)",Trenton Lee Stewart,Diana Sudyka,316057800,4.2,"Little, Brown and Company",Hardcover,440,2008
36442813,The Order of Time,Carlo Rovelli,,073521610X,4.1,Riverhead Books,Hardcover,240,2018
39280444,Speak,Laurie Halse Anderson,,374311250,4.02,"Farrar, Straus and Giroux (Byr)",Hardcover,224,2019
14891,A Tree Grows in Brooklyn,Betty  Smith,,61120073,4.27,HarperCollins Publishers,Paperback,496,2006
40519254,Shout,Laurie Halse Anderson,,,4.29,Penguin Young Readers Group,ebook,304,2019
40605329,"The Mysterious Benedict Society (The Mysterious Benedict Society, #1)",Trenton Lee Stewart,,,4.17,"Little, Brown Books for Young Readers",Kindle Edition,497,2008
6609765,Out of My Mind,Sharon M. Draper,,141697170X,4.37,Atheneum Books for Young Readers,Hardcover,295,2010
181396,"Stage Fright on a Summer Night (Magic Tree House, #25)",Mary Pope Osborne,Salvatore Murdocca,375806113,3.98,Random House Books for Young Readers,Paperback,70,2002
93734,"Revolutionary War on Wednesday (Magic Tree House, #22)",Mary Pope Osborne,Salvatore Murdocca,679890688,3.92,Random House Books for Young Readers,Paperback,69,2010
89612,"High Tide in Hawaii (Magic Tree House, #28)",Mary Pope Osborne,Salvatore Murdocca,375806164,3.99,Random House Books for Young Readers,Paperback,96,2003
202041,"Day of the Dragon King (Magic Tree House, #14)",Mary Pope Osborne,Salvatore Murdocca,679890513,3.92,Random House for Young Readers,Paperback,96,2008
181399,"Viking Ships At Sunrise (Magic Tree House, #15)",Mary Pope Osborne,Salvatore Murdocca,679890610,3.87,Random House Books for Young Readers,Paperback,73,1998
948527,"Polar Bears Past Bedtime (Magic Tree House, #12)",Mary Pope Osborne,Salvatore Murdocca,067988341X,3.9,Random House Books for Young Readers,Paperback,71,2003
526643,"Twister on Tuesday (Magic Tree House, #23)",Mary Pope Osborne,Salvatore Murdocca,679890696,3.92,Random House Books for Young Readers,Paperback,96,2010
126574,"Vacation Under the Volcano (Magic Tree House, #13)",Mary Pope Osborne,Salvatore Murdocca,679890505,4,Random House Children's Books,Paperback,74,1998
122914,"Midnight on the Moon (Magic Tree House, #8)",Mary Pope Osborne,Salvatore Murdocca,679863745,3.94,Random House Books for Young Readers,Paperback,80,1996
127335,"Tonight on the Titanic (Magic Tree House, #17)",Mary Pope Osborne,Salvatore Murdocca,439086728,4.05,Random House Books for Young Readers,Paperback,96,1999
180645,"Afternoon on the Amazon (Magic Tree House, #6)",Mary Pope Osborne,Salvatore Murdocca,679863729,3.95,"Random House, Inc.",Paperback,67,1995
460087,"Night of the Ninjas (Magic Tree House, #5)",Mary Pope Osborne,Salvatore Murdocca,679863710,3.96,Random House,Paperback,69,1995
268955,"Mummies in the Morning (Magic Tree House, #3)",Mary Pope Osborne,Salvatore Murdocca,679824243,3.88,Random House,Paperback,65,1993
608296,"Lions at Lunchtime (Magic Tree House, #11)",Mary Pope Osborne,Salvatore Murdocca,679883401,3.88,Random House Children's Books,Paperback,96,1998
948526,"The Knight at Dawn (Magic Tree House, #2)",Mary Pope Osborne,Salvatore Murdocca,067982412X,3.87,Random House,Paperback,66,1993
460120,"Dolphins at Daybreak (Magic Tree House, #9)",Mary Pope Osborne,Salvatore Murdocca,067988338X,3.96,Random House for Young Readers,Paperback,67,2010
143717,"Pirates Past Noon (Magic Tree House, #4)",Mary Pope Osborne,Salvatore Murdocca,679824251,3.92,Random House Books for Young Readers,Paperback,80,1994
824734,"Dinosaurs Before Dark (Magic Tree House, #1)",Mary Pope Osborne,Salvatore Murdocca,679824111,3.93,Random House,Paperback,68,1992
7182899,"Into the Gauntlet (The 39 Clues, #10)",Margaret Peterson Haddix,,545060508,3.96,Scholastic Inc.,Hardcover,327,2010
9465845,"Vespers Rising (The 39 Clues, #11)",Rick Riordan,"Gordon Korman, Peter Lerangis, Jude Watson",545290597,4.12,Scholastic Inc.,Hardcover,238,2011
6393047,"The Viper's Nest (The 39 Clues, #7)",Peter Lerangis,,545060478,3.98,Scholastic Inc.,Hardcover,190,2010
6697305,"Storm Warning (The 39 Clues, #9)",Linda Sue Park,,545060494,4,Scholastic Inc.,Hardcover,190,2010
6545536,"The Emperor's Code (The 39 Clues, #8)",Gordon Korman,,545060486,4.05,Scholastic Inc.,Hardcover,190,2010
5972040,"Beyond the Grave (The 39 Clues, #4)",Jude Watson,,545060443,3.92,Scholastic Inc.,Hardcover,190,2009
6389704,"In Too Deep (The 39 Clues, #6)",Jude Watson,,054506046X,4.03,Scholastic Inc.,Hardcover,206,2009
6255144,"The Black Circle (The 39 Clues, #5)",Patrick Carman,,545060451,4,Scholastic Inc.,Hardcover,168,2009
5861926,"The Sword Thief (The 39 Clues, #3)",Peter Lerangis,,545135702,3.89,"Scholastic, Inc.",Hardcover,156,2009
3552023,"One False Note (The 39 Clues, #2)",Gordon Korman,,545060427,3.9,Scholastic Inc.,Hardcover,174,2008
2921082,"The Maze of Bones  (The 39 Clues, #1)",Rick Riordan,,545060397,3.85,"Scholastic, Inc.",Hardcover,220,2008
33863667,The Misfit's Manifesto,Lidia Yuknavitch,,,3.83,Simon & Schuster UK,Hardcover,149,2017
7170627,The Emperor of All Maladies: A Biography of Cancer,Siddhartha Mukherjee,,,4.28,Scribner,Hardcover,571,2010
5544,"Surely You're Joking, Mr. Feynman!: Adventures of a Curious Character",Richard P. Feynman,Микола Климчук,393316041,4.26,W. W. Norton & Company,Paperback,391,1997
31423133,Make Your Bed: Little Things That Can Change Your Life...And Maybe the World,William H. McRaven,,,3.98,Grand Central Publishing,Audiobook,2,2017
44882,Code: The Hidden Language of Computer Hardware and Software,Charles Petzold,,735611319,4.4,Microsoft Press,Paperback,400,2000
8520610,Quiet: The Power of Introverts in a World That Can't Stop Talking,Susan Cain,Carlo Prosperi,307352145,4.06,"Crown Publishing Group/Random House, Inc.",Hardcover,352,2012
30754030,2 Kinds of People: A Visual Compatibility Quiz,João Rocha,,761189491,3.75,Workman Publishing Company,Paperback,176,2017
37903770,Norse Mythology,Neil Gaiman,,,4.08,W. W. Norton & Company,Paperback,301,2018
16075836,"The Black Reckoning (The Books of Beginning, #3)",John  Stephens,,,4.24,Random House,Paperback,421,2015
13262797,"The Fire Chronicle (The Books of Beginning, #2)",John  Stephens,,375868712,4.23,Knopf Books for Young Readers,Hardcover,437,2012
8619814,"The Emerald Atlas (The Books of Beginning, #1)",John  Stephens,,375868704,3.94,Alfred A. Knopf,Hardcover,417,2011
28187,"The Lightning Thief (Percy Jackson and the Olympians, #1)",Rick Riordan,,786838655,4.26,Disney Hyperion Books,Paperback,377,2006
43582733,Stillness Is the Key,Ryan Holiday,,525538585,4.21,Portfolio,Hardcover,288,2019
37793,A Doll's House,Henrik Ibsen,"T. Weber, Michael   Meyer",1406914835,3.74,Hard Press,Paperback,122,2007
30118,A Light in the Attic,Shel Silverstein,,60513063,4.32,Harpercollins Childrens Books,Hardcover,176,2002
30120,Falling Up,Shel Silverstein,,60513098,4.33,HarperCollins Publishers,Unknown Binding,178,1996
30119,Where the Sidewalk Ends,Shel Silverstein,,60513039,4.3,Harpercollins Childrens Books,Hardcover,176,2002
11870085,The Fault in Our Stars,John Green,,,4.19,Dutton Books,Hardcover,313,2012
52357,Beowulf,Unknown,Seamus Heaney,393320979,3.46,W.W. Norton & Company,Paperback,245,2001
12957,Much Ado About Nothing,William Shakespeare,"Barbara A. Mowat, Paul Werstine, Robert          Jackson, Gail Kern Paster",743482751,4.06,Simon  Schuster,Paperback,246,2004
9361589,The Night Circus,Erin Morgenstern,Matthias Brandt,385534639,4.03,Doubleday,Hardcover,391,2011
43812079,Talking to Strangers: What We Should Know About the People We Don’t Know,Malcolm Gladwell,,,4.02,Allen Lane,Hardcover,320,2019
35297573,"Furnishing Eternity: A Father, a Son, a Coffin, and a Measure of Life",David Giffels,,1501105949,4.25,Scribner,Hardcover,256,2018
384311,Cool It: The Skeptical Environmentalist's Guide to Global Warming,Bjørn Lomborg,,307266923,3.71,Alfred A. Knopf (NY),Hardcover,253,2007
3735293,Clean Code: A Handbook of Agile Software Craftsmanship,Robert C. Martin,,132350882,4.4,Pearson,Paperback,434,2008
433567,Flatland: A Romance of Many Dimensions,Edwin A. Abbott,"Banesh Hoffmann, Masolino D'Amico, Giorgio Manganelli",048627263X,3.81,"Dover Publications, Inc.",Paperback,96,1992
28449257,The Wonder,Emma Donoghue,,316393878,3.62,"Little, Brown and Company",Hardcover,291,2016
31685789,Room,Emma Donoghue,,,4.06,"Little, Brown and Company",Kindle Edition,321,2010
36950075,The World in a Grain: The Story of Sand and How It Transformed Civilization,Vince Beiser,,399576428,4.05,Riverhead Books,Hardcover,294,2018
11346464,The Artist of Disappearance,Anita Desai,,547577451,3.37,Houghton Mifflin Harcourt,Hardcover,156,2011
33268384,"iGen: Why Today’s Super-Connected Kids Are Growing Up Less Rebellious, More Tolerant, Less Happy--and Completely Unprepared for Adulthood--and What That Means for the Rest of Us",Jean M. Twenge,,1501151983,3.79,Atria Books,Hardcover,352,2017
3872,A History of the World in 6 Glasses,Tom Standage,,802715524,3.77,Bloomsbury,Paperback,336,2006
40537416,Power Trip: The Story of Energy,Michael E. Webber,,1541644395,3.88,Basic Books,Hardcover,304,2019
121807,The Transall Saga,Gary Paulsen,,440219760,4.21,Laurel Leaf,Paperback,256,1999
141371,"Brian's Return (Brian's Saga, #4)",Gary Paulsen,,,3.97,Laurel Leaf,Mass Market Paperback,144,2001
141372,"Brian's Winter (Brian's Saga, #3)",Gary Paulsen,,440227194,4.02,Laurel Leaf,Mass Market Paperback,144,1998
2915,"The River (Brian's Saga, #2)",Gary Paulsen,,044022750X,3.81,Laurel Leaf Library,Paperback,160,1998
50,"Hatchet (Brian's Saga, #1)",Gary Paulsen,,689840926,3.74,Atheneum Books for Young Readers: Richard Jackson Books,Hardcover,208,2000
47281,Number the Stars,Lois Lowry,,440227534,4.15,Laurel Leaf,Mass Market Paperback,137,1998
1885,Pride and Prejudice,Jane Austen,Anna Quindlen,,4.27,Modern Library,Paperback,279,2000
14935,Sense and Sensibility,Jane Austen,"Tony Tanner, Juliet Stevenson, Sam Ngo, Sara Singh, Rosalind Ballaster, Ros Ballaster",,4.08,Penguin Books,Paperback,409,2003
11735983,"Insurgent (Divergent, #2)",Veronica Roth,,7442912,4.01,HarperCollins Children's Books,Hardcover,525,2012
77394,"Anne's House of Dreams (Anne of Green Gables, #5)",L.M. Montgomery,,,4.14,Bantam Books,Mass Market Paperback,227,1983
77392,"Anne of the Island (Anne of Green Gables, #3)",L.M. Montgomery,,553213172,4.23,Bantam Books,Paperback,243,1983
3228917,Outliers: The Story of Success,Malcolm Gladwell,,316017922,4.17,"Little, Brown and Company",Hardcover,309,2008
36722689,Data Science,John D. Kelleher,Brendan Tierney,262535432,3.95,The MIT Press,Paperback,280,2018
3181953,The Heretic's Daughter,Kathleen Kent,,316037532,3.77,"Little, Brown and Company",Hardcover,332,2008
20527133,"Superintelligence: Paths, Dangers, Strategies",Nick Bostrom,,199678111,3.87,Oxford University Press,Hardcover,328,2014
77730,Weirdos from Another Planet! (Calvin and Hobbes #4),Bill Watterson,,836218620,4.62,Andrews and McMeel Publishing,Paperback,128,1990
70491,Yukon Ho! (Calvin and Hobbes #3),Bill Watterson,,751509345,4.62,Andrews McMeel Publishing,Paperback,126,1989
70490,Something Under the Bed is Drooling (Calvin and Hobbes #2),Bill Watterson,Pat Oliphant,833554549,4.62,Turtleback Books,Hardcover,128,1988
70488,"Scientific Progress Goes ""Boink"" (Calvin and Hobbes #6)",Bill Watterson,,836218787,4.64,Andrews and McMeel Publishing,Paperback,128,1991
70487,Attack of the Deranged Mutant Killer Monster Snow Goons (Calvin and Hobbes #7),Bill Watterson,,1417642165,4.65,Turtleback Books,Hardcover,127,1992
121792,The Revenge of the Baby-Sat (Calvin and Hobbes #5),Bill Watterson,,1417642122,4.65,Turtleback Books,Paperback,128,1991
24813,The Calvin and Hobbes Tenth Anniversary Book,Bill Watterson,,836204387,4.62,Andrews McMeel Publishing,Paperback,208,1995
24815,The Indispensable Calvin and Hobbes,Bill Watterson,,751500283,4.68,Warner Books,Paperback,255,1992
59715,The Authoritative Calvin and Hobbes: A Calvin and Hobbes Treasury,Bill Watterson,,751507954,4.69,Sphere,Paperback,254,1990
70489,There's Treasure Everywhere (Calvin and Hobbes #10),Bill Watterson,,836213122,4.69,Andrews McMeel Publishing,Paperback,176,1996
24494,The Calvin and Hobbes Lazy Sunday Book,Bill Watterson,,836218523,4.62,Andrews McMeel Publishing,Paperback,128,1989
24818,The Days Are Just Packed (Calvin and Hobbes #8),Bill Watterson,,836217357,4.65,Andrews McMeel Publishing,Paperback,176,1993
24814,It's a Magical World (Calvin and Hobbes #11),Bill Watterson,,836221362,4.71,Andrews McMeel Publishing,Paperback,176,1996
43070,The Essential Calvin and Hobbes: A Calvin and Hobbes Treasury,Bill Watterson,,836218051,4.64,Andrews McMeel Publishing,Paperback,256,1988
39816076,The Lost Girls of Paris,Pam Jenoff,,778330273,3.88,Park Row,Paperback,384,2019
38532183,"How to Be Alone: If You Want To, and Even If You Don't",Lane Moore,,1501178830,3.78,Atria Books,Paperback,224,2018
10660230,Super Mario: How Nintendo Conquered America,Jeff   Ryan,,1591844053,3.82,Portfolio,Hardcover,292,2011
5100525,What Would Google Do?,Jeff Jarvis,,61709719,3.88,Harper Business,Hardcover,426,2009
13324841,Son,Lois Lowry,,547887205,3.97,HMH Books for Young Readers,Hardcover,393,2012
31868682,Bad Choices,Ali Almossawi,,735222126,3.26,Viking,Hardcover,160,2017
15818327,Darwin's Doubt: The Explosive Origin of Animal Life and the Case for Intelligent Design,Stephen C. Meyer,,62071475,4.15,HarperOne,Hardcover,512,2013
35133922,Educated,Tara Westover,,,4.46,Random House,Hardcover,334,2018
332613,One Flew Over the Cuckoo's Nest,Ken Kesey,,,4.19,Signet,Mass Market Paperback,325,1963
20893878,Loitering: New & Collected Essays,Charles D'Ambrosio,,1935639870,4.04,Tin House Books,Paperback,358,2014
231610,The World As I See It,Albert Einstein,,1599869659,3.82,"Filiquarian Publishing, LLC.",Paperback,128,2006
2802,E=mc²: A Biography of the World's Most Famous Equation,David Bodanis,,425181642,4.09,Berkley Trade,Paperback,337,2000
42649659,The Right Side of History: How Reason and Moral Purpose Made the West Great,Ben Shapiro,,,3.9,Broadside e-books,Kindle Edition,288,2019
18077875,Essentialism: The Disciplined Pursuit of Less,Greg McKeown,,804137382,4.03,Crown Business,Hardcover,260,2014
7824322,Between Shades of Gray,Ruta Sepetys,,399254129,4.35,Philomel Books,Hardcover,344,2011
40672036,Digital Minimalism: Choosing a Focused Life in a Noisy World,Cal Newport,,,4.07,Portfolio,Kindle Edition,302,2019
24765,"Specials (Uglies, #3)",Scott Westerfeld,,689865406,3.76,Simon Pulse,Hardcover,384,2006
213753,"Life As We Knew It (Last Survivors, #1)",Susan Beth Pfeffer,,152061548,3.87,HMH Books for Young Readers,Paperback,337,2006
24768,"Pretties (Uglies, #2)",Scott Westerfeld,,689865392,3.84,Simon Pulse,Paperback,370,2005
24770,"Uglies (Uglies, #1)",Scott Westerfeld,,689865384,3.85,Simon Pulse,Paperback,425,2005
32191710,Astrophysics for People in a Hurry,Neil deGrasse Tyson,,393609391,4.07,W. W. Norton  Company,Hardcover,208,2017
36243813,Silence: In the Age of Noise,Erling Kagge,,,3.78,Penguin,Kindle Edition,160,2017
35794819,Bitwise: A Life in Code,David Auerbach,,1101871296,3.47,Pantheon Books,Hardcover,304,2018
36477572,The Bookshop of Yesterdays,Amy Meyerson,,,3.66,Park Row,Kindle Edition,368,2018
5310515,When You Reach Me,Rebecca Stead,,385737424,4.06,Wendy Lamb Books,Hardcover,199,2009
85697,The Art of Possibility,Rosamund Stone Zander,Benjamin Zander,142001104,3.94,Penguin,Paperback,210,2006
13932,The Noonday Demon: An Atlas of Depression,Andrew Solomon,,684854678,4.19,Scribner,Paperback,576,2002
18693884,How Not to Be Wrong: The Power of Mathematical Thinking,Jordan Ellenberg,,1594205221,3.96,Penguin Press,Hardcover,480,2014
28815474,The Couple Next Door,Shari Lapena,,735221081,3.79,Pamela Dorman Books,Hardcover,308,2016
163363,All But My Life: A Memoir,Gerda Weissmann Klein,,,4.29,Hill & Wang,Paperback,261,1995
33858905,The End We Start From,Megan  Hunter,,,3.46,Picador,Kindle Edition,160,2017
2165,The Old Man and the Sea,Ernest Hemingway,,684830493,3.79,Scribner,Hardcover,96,1996
35133064,"The Widows of Malabar Hill (Perveen Mistry, #1)",Sujata Massey,,1616957786,3.93,Soho Press,Hardcover,385,2018
34890015,Factfulness: Ten Reasons We're Wrong About the World – and Why Things Are Better Than You Think,Hans Rosling,"Ola Rosling, Anna Rosling Rönnlund",1473637465,4.35,Sceptre,Hardcover,342,2018
17994,The Code Book: The Science of Secrecy from Ancient Egypt to Quantum Cryptography,Simon Singh,,385495323,4.26,Anchor,Paperback,412,2000
34921573,Lost Connections: Uncovering the Real Causes of Depression - and the Unexpected Solutions,Johann Hari,,163286830X,4.26,Bloomsbury USA,Hardcover,322,2018
20910157,Yes Please,Amy Poehler,,62268341,3.83,Dey St.,Hardcover,329,2014
5955421,The Art of Conversation: A Guided Tour of a Neglected Pleasure,Catherine Blyth,,1592404197,2.81,Gotham,Hardcover,304,2008
474093,Helping the Dreamer,Anne Waldman,,918273501,4.2,Coffee House Press,Paperback,240,1989
26891545,Radio Girls,Sarah-Jane Stratford,,451475569,3.74,NAL,Paperback,384,2016
9418327,Bossypants,Tina Fey,,,3.95,Reagan Arthur Books,Kindle Edition,283,2011
28587957,Small Great Things,Jodi Picoult,,345544951,4.34,Ballantine Books,Hardcover,480,2016
6493208,The Immortal Life of Henrietta Lacks,Rebecca Skloot,,1400052173,4.07,Crown Publishing Group,Hardcover,370,2010
667,Anthem,Ayn Rand,,452281253,3.63,NAL,Paperback,105,1999
36236124,Fight Club,Chuck Palahniuk,,393355942,4.18,W. W. Norton  Company,Paperback,218,2018
27833796,The Light of Paris,Eleanor Brown,,039915891X,3.63,G.P. Putnam's Sons,Hardcover,308,2016
890,Of Mice and Men,John Steinbeck,,142000671,3.88,Penguin Books,Paperback,103,2002
31823677,"Tools of Titans: The Tactics, Routines, and Habits of Billionaires, Icons, and World-Class Performers",Timothy Ferriss,Arnold Schwarzenegger,,4.07,Houghton Mifflin Harcourt,Kindle Edition,707,2016
30231806,"Goodbye, Things: The New Japanese Minimalism",Fumio Sasaki,Eriko Sugita,393609030,3.8,W. W. Norton & Company,Hardcover,259,2017
128029,A Thousand Splendid Suns,Khaled Hosseini,,1594489505,4.38,Riverhead Books,Hardcover,372,2007
25817528,Be Frank With Me,Julia Claiborne Johnson,,62413716,3.89,William Morrow,Hardcover,287,2016
2657,To Kill a Mockingbird,Harper Lee,,,4.28,Harper Perennial Modern Classics ,Paperback,324,2006
17910147,Expiration Day,William Campbell Powell,,765338289,3.51,Tor Teen,Hardcover,336,2014
85448,The Great Santini,Pat Conroy,,553268929,4.15,Bantam,Mass Market Paperback,440,1987
25372801,All the Birds in the Sky,Charlie Jane Anders,,765379945,3.59,Tor Books,Hardcover,313,2016
288145,A House of Tailors,Patricia Reilly Giff,,440238005,3.92,Yearling,Paperback,160,2006
7670154,Pod,Stephen Wallenfels,,1608980103,3.54,namelos,Paperback,192,2010
16101128,"The 5th Wave (The 5th Wave, #1)",Rick Yancey,,399162410,4.03,G.P. Putnam's Sons Books for Young Readers,Hardcover,457,2013
25897871,TED Talks: The Official TED Guide to Public Speaking,Chris J. Anderson,,544634497,4.07,Houghton Mifflin Harcourt,Hardcover,288,2016
24612118,Fates and Furies,Lauren Groff,,1594634475,3.57,Riverhead Books,Hardcover,390,2015
30474,The Communist Manifesto,Karl Marx,"Friedrich Engels, Antonio Carlos Braga, Samuel Moore, Aldrin Alexander Evies",140447571,3.6,Penguin Classics,Paperback,288,2002
75889,The Little Book That Beats the Market,Joel Greenblatt,Andrew Tobias,471733067,3.98,John Wiley & Sons,Hardcover,155,2005
641604,Purple Cow: Transform Your Business by Being Remarkable,Seth Godin,,159184021X,3.77,Portfolio Hardcover,Hardcover,160,2003
24612233,The Master Algorithm: How the Quest for the Ultimate Learning Machine Will Remake Our World,Pedro Domingos,,465065708,3.77,Basic Books,Hardcover,352,2015
30653967,The Women in the Castle,Jessica Shattuck,,62563661,3.85,William Morrow,Hardcover,356,2017
12609433,The Power of Habit: Why We Do What We Do in Life and Business,Charles Duhigg,,1400069289,4.11,Random House,Hardcover,375,2012
26530379,Applied Minds: How Engineers Think,Guru Madhavan,,039335301X,3.35,W. W. Norton  Company,Paperback,272,2016
18615427,Cartwheeling in Thunderstorms,Katherine Rundell,,1442490616,4,Simon  Schuster Books for Young Readers,Hardcover,256,2014
21423336,Her,Harriet Lane,,031636987X,2.83,"Little, Brown and Company",Hardcover,272,2015
16158561,The Faraway Nearby,Rebecca Solnit,,670025968,4.21,Viking,Hardcover,259,2013
19501,"Eat, Pray, Love",Elizabeth Gilbert,,143038419,3.58,Riverhead Books,Paperback,368,2007
40102,Blink: The Power of Thinking Without Thinking,Malcolm Gladwell,,316010669,3.94,Back Bay Books,Paperback,296,2007
18143977,All the Light We Cannot See,Anthony Doerr,,1476746583,4.32,Scribner,Hardcover,531,2014
27272504,Overcomplicated: Technology at the Limits of Comprehension,Samuel Arbesman,,1591847761,3.54,Current,Hardcover,240,2016
17262236,Rose Under Fire,Elizabeth Wein,,1423183096,4.11,Disney Hyperion,Hardcover,368,2013
22557272,The Girl on the Train,Paula Hawkins,,1594633665,3.93,Riverhead Books,Hardcover,325,2015
11869272,"Behind the Beautiful Forevers: Life, Death, and Hope in a Mumbai Undercity",Katherine Boo,,1400067553,3.98,Random House,Hardcover,278,2012
5129,Brave New World,Aldous Huxley,,60929871,3.99,HarperPerennial / Perennial Classics,Paperback,268,1998
18114066,The Up Side of Down: Why Failing Well Is the Key to Success,Megan McArdle,,067002614X,3.68,Viking,Hardcover,320,2014
11516274,Redirect: The Surprising New Science of Psychological Change,Timothy D. Wilson,,316051888,3.78,"Little, Brown and Company",Hardcover,288,2011
25614492,Salt to the Sea,Ruta Sepetys,,399160302,4.34,Philomel Books,Hardcover,391,2016
17667561,"The Shadow Throne (Ascendance, #3)",Jennifer A. Nielsen,,,4.25,Scholastic Press,Kindle Edition,336,2014
764165,The Snow Leopard,Peter Matthiessen,,140255087,4.08,Penguin Books,Paperback,352,1987
13335037,"Divergent (Divergent, #1)",Veronica Roth,,62024035,4.18,Katherine Tegen Books,Paperback,487,2012
2767052,"The Hunger Games (The Hunger Games, #1)",Suzanne Collins,,439023483,4.32,Scholastic Press,Hardcover,374,2008
119322,"The Golden Compass (His Dark Materials, #1)",Philip Pullman,,679879242,3.99,Alfred A. Knopf Books for Young Readers,Hardcover,399,1996
532069,Pink and Say,Patricia Polacco,,399226710,4.49,Philomel Books,Hardcover,48,1994
108077,The Watsons Go to Birmingham - 1963,Christopher Paul Curtis,,044022800X,3.97,Laurel Leaf,Paperback,224,2000
19469,"The Face on the Milk Carton (Janie Johnson, #1)",Caroline B. Cooney,,038532328X,3.72,Delacorte Press,Hardcover,192,1996
6969,Emma,Jane Austen,"Anna Luisa Zazo, Fiona Stafford",141439580,4.02,Penguin Books,Paperback,474,2003
2956,The Adventures of Huckleberry Finn,Mark Twain,"Guy Cardwell, John Seelye, Walter Trier",142437174,3.82,Penguin Classics,Paperback,327,2002
24335,The Trumpet of the Swan,E.B. White,Fred Marcellino,64408671,4.08,HarperTrophy,Paperback,252,2000
8337,"Little House in the Big Woods (Little House, #1)",Laura Ingalls Wilder,Garth Williams,60885378,4.18,HarperTrophy,Paperback,198,2007
1934,Little Women,Louisa May Alcott,,451529308,4.1,Signet Classics,Paperback,449,2004
5107,The Catcher in the Rye,J.D. Salinger,,316769177,3.81,Back Bay Books,Paperback,277,2001
15751404,"David and Goliath: Underdogs, Misfits, and the Art of Battling Giants",Malcolm Gladwell,,316204366,3.95,"Little, Brown and Company",Hardcover,305,2013
6452796,Drive: The Surprising Truth About What Motivates Us,Daniel H. Pink,,1594488843,3.94,Riverhead Books,Hardcover,242,2009
2612,The Tipping Point: How Little Things Can Make a Big Difference,Malcolm Gladwell,,316346624,3.98,Back Bay Books,Paperback,301,2002
